,,
City,State,Country
Alexander City,Alabama,USA
Andalusia,Alabama,USA
Anniston,Alabama,USA
Athens,Alabama,USA
Atmore,Alabama,USA
Auburn,Alabama,USA
Bessemer,Alabama,USA
Birmingham,Alabama,USA
Chickasaw,Alabama,USA
Clanton,Alabama,USA
Cullman,Alabama,USA
Decatur,Alabama,USA
Demopolis,Alabama,USA
Dothan,Alabama,USA
Enterprise,Alabama,USA
Eufaula,Alabama,USA
Florence,Alabama,USA
Fort Payne,Alabama,USA
Gadsden,Alabama,USA
Greenville,Alabama,USA
Guntersville,Alabama,USA
Huntsville,Alabama,USA
Jasper,Alabama,USA
Marion,Alabama,USA
Mobile,Alabama,USA
Montgomery,Alabama,USA
Opelika,Alabama,USA
Ozark,Alabama,USA
Phenix City,Alabama,USA
Prichard,Alabama,USA
Scottsboro,Alabama,USA
Selma,Alabama,USA
Sheffield,Alabama,USA
Sylacauga,Alabama,USA
Talladega,Alabama,USA
Troy,Alabama,USA
Tuscaloosa,Alabama,USA
Tuscumbia,Alabama,USA
Tuskegee,Alabama,USA
,,USA
Anchorage,Alaska,USA
Cordova,Alaska,USA
Fairbanks,Alaska,USA
Haines,Alaska,USA
Homer,Alaska,USA
Juneau,Alaska,USA
Ketchikan,Alaska,USA
Kodiak,Alaska,USA
Kotzebue,Alaska,USA
Nome,Alaska,USA
Palmer,Alaska,USA
Seward,Alaska,USA
Sitka,Alaska,USA
Skagway,Alaska,USA
Valdez,Alaska,USA
,,USA
Ajo,Arizona,USA
Avondale,Arizona,USA
Bisbee,Arizona,USA
Casa Grande,Arizona,USA
Chandler,Arizona,USA
Clifton,Arizona,USA
Douglas,Arizona,USA
Flagstaff,Arizona,USA
Florence,Arizona,USA
Gila Bend,Arizona,USA
Glendale,Arizona,USA
Globe,Arizona,USA
Kingman,Arizona,USA
Lake Havasu City,Arizona,USA
Mesa,Arizona,USA
Nogales,Arizona,USA
Oraibi,Arizona,USA
Phoenix,Arizona,USA
Prescott,Arizona,USA
Scottsdale,Arizona,USA
Sierra Vista,Arizona,USA
Tempe,Arizona,USA
Tombstone,Arizona,USA
Tucson,Arizona,USA
Walpi,Arizona,USA
Window Rock,Arizona,USA
Winslow,Arizona,USA
Yuma,Arizona,USA
,,USA
Arkadelphia,Arkansas,USA
Arkansas Post,Arkansas,USA
Batesville,Arkansas,USA
Benton,Arkansas,USA
Blytheville,Arkansas,USA
Camden,Arkansas,USA
Conway,Arkansas,USA
Crossett,Arkansas,USA
El Dorado,Arkansas,USA
Fayetteville,Arkansas,USA
Forrest City,Arkansas,USA
Fort Smith,Arkansas,USA
Harrison,Arkansas,USA
Helena,Arkansas,USA
Hope,Arkansas,USA
Hot Springs,Arkansas,USA
Jacksonville,Arkansas,USA
Jonesboro,Arkansas,USA
Little Rock,Arkansas,USA
Magnolia,Arkansas,USA
Morrilton,Arkansas,USA
Newport,Arkansas,USA
North Little Rock,Arkansas,USA
Osceola,Arkansas,USA
Pine Bluff,Arkansas,USA
Rogers,Arkansas,USA
Searcy,Arkansas,USA
Stuttgart,Arkansas,USA
Van Buren,Arkansas,USA
West Memphis,Arkansas,USA
,,USA
Alameda,California,USA
Alhambra,California,USA
Anaheim,California,USA
Antioch,California,USA
Arcadia,California,USA
Bakersfield,California,USA
Barstow,California,USA
Belmont,California,USA
Berkeley,California,USA
Beverly Hills,California,USA
Brea,California,USA
Buena Park,California,USA
Burbank,California,USA
Calexico,California,USA
Calistoga,California,USA
Carlsbad,California,USA
Carmel,California,USA
Chico,California,USA
Chula Vista,California,USA
Claremont,California,USA
Compton,California,USA
Concord,California,USA
Corona,California,USA
Coronado,California,USA
Costa Mesa,California,USA
Culver City,California,USA
Daly City,California,USA
Davis,California,USA
Downey,California,USA
El Centro,California,USA
El Cerrito,California,USA
El Monte,California,USA
Escondido,California,USA
Eureka,California,USA
Fairfield,California,USA
Fontana,California,USA
Fremont,California,USA
Fresno,California,USA
Fullerton,California,USA
Garden Grove,California,USA
Glendale,California,USA
Hayward,California,USA
Hollywood,California,USA
Huntington Beach,California,USA
Indio,California,USA
Inglewood,California,USA
Irvine,California,USA
La Habra,California,USA
Laguna Beach,California,USA
Lancaster,California,USA
Livermore,California,USA
Lodi,California,USA
Lompoc,California,USA
Long Beach,California,USA
Los Angeles,California,USA
Malibu,California,USA
Martinez,California,USA
Marysville,California,USA
Menlo Park,California,USA
Merced,California,USA
Modesto,California,USA
Monterey,California,USA
Mountain View,California,USA
Napa,California,USA
Needles,California,USA
Newport Beach,California,USA
Norwalk,California,USA
Novato,California,USA
Oakland,California,USA
Oceanside,California,USA
Ojai,California,USA
Ontario,California,USA
Orange,California,USA
Oroville,California,USA
Oxnard,California,USA
Pacific Grove,California,USA
Palm Springs,California,USA
Palmdale,California,USA
Palo Alto,California,USA
Pasadena,California,USA
Petaluma,California,USA
Pomona,California,USA
Port Hueneme,California,USA
Rancho Cucamonga,California,USA
Red Bluff,California,USA
Redding,California,USA
Redlands,California,USA
Redondo Beach,California,USA
Redwood City,California,USA
Richmond,California,USA
Riverside,California,USA
Roseville,California,USA
Sacramento,California,USA
Salinas,California,USA
San Bernardino,California,USA
San Clemente,California,USA
San Diego,California,USA
San Fernando,California,USA
San Francisco,California,USA
San Gabriel,California,USA
San Jose,California,USA
San Juan Capistrano,California,USA
San Leandro,California,USA
San Luis Obispo,California,USA
San Marino,California,USA
San Mateo,California,USA
San Pedro,California,USA
San Rafael,California,USA
San Simeon,California,USA
Santa Ana,California,USA
Santa Barbara,California,USA
Santa Clara,California,USA
Santa Clarita,California,USA
Santa Cruz,California,USA
Santa Monica,California,USA
Santa Rosa,California,USA
Sausalito,California,USA
Simi Valley,California,USA
Sonoma,California,USA
South San Francisco,California,USA
Stockton,California,USA
Sunnyvale,California,USA
Susanville,California,USA
Thousand Oaks,California,USA
Torrance,California,USA
Turlock,California,USA
Ukiah,California,USA
Vallejo,California,USA
Ventura,California,USA
Victorville,California,USA
Visalia,California,USA
Walnut Creek,California,USA
Watts,California,USA
West Covina,California,USA
Whittier,California,USA
Woodland,California,USA
Yorba Linda,California,USA
Yuba City,California,USA
,,USA
Alamosa,Colorado,USA
Aspen,Colorado,USA
Aurora,Colorado,USA
Boulder,Colorado,USA
Breckenridge,Colorado,USA
Brighton,Colorado,USA
Canon City,Colorado,USA
Central City,Colorado,USA
Climax,Colorado,USA
Colorado Springs,Colorado,USA
Cortez,Colorado,USA
Cripple Creek,Colorado,USA
Denver,Colorado,USA
Durango,Colorado,USA
Englewood,Colorado,USA
Estes Park,Colorado,USA
Fort Collins,Colorado,USA
Fort Morgan,Colorado,USA
Georgetown,Colorado,USA
Glenwood Springs,Colorado,USA
Golden,Colorado,USA
Grand Junction,Colorado,USA
Greeley,Colorado,USA
Gunnison,Colorado,USA
La Junta,Colorado,USA
Leadville,Colorado,USA
Littleton,Colorado,USA
Longmont,Colorado,USA
Loveland,Colorado,USA
Montrose,Colorado,USA
Ouray,Colorado,USA
Pagosa Springs,Colorado,USA
Pueblo,Colorado,USA
Silverton,Colorado,USA
Steamboat Springs,Colorado,USA
Sterling,Colorado,USA
Telluride,Colorado,USA
Trinidad,Colorado,USA
Vail,Colorado,USA
Walsenburg,Colorado,USA
Westminster,Colorado,USA
,,USA
Ansonia,Connecticut,USA
Berlin,Connecticut,USA
Bloomfield,Connecticut,USA
Branford,Connecticut,USA
Bridgeport,Connecticut,USA
Bristol,Connecticut,USA
Coventry,Connecticut,USA
Danbury,Connecticut,USA
Darien,Connecticut,USA
Derby,Connecticut,USA
East Hartford,Connecticut,USA
East Haven,Connecticut,USA
Enfield,Connecticut,USA
Fairfield,Connecticut,USA
Farmington,Connecticut,USA
Greenwich,Connecticut,USA
Groton,Connecticut,USA
Guilford,Connecticut,USA
Hamden,Connecticut,USA
Hartford,Connecticut,USA
Lebanon,Connecticut,USA
Litchfield,Connecticut,USA
Manchester,Connecticut,USA
Mansfield,Connecticut,USA
Meriden,Connecticut,USA
Middletown,Connecticut,USA
Milford,Connecticut,USA
Mystic,Connecticut,USA
Naugatuck,Connecticut,USA
New Britain,Connecticut,USA
New Haven,Connecticut,USA
New London,Connecticut,USA
North Haven,Connecticut,USA
Norwalk,Connecticut,USA
Norwich,Connecticut,USA
Old Saybrook,Connecticut,USA
Orange,Connecticut,USA
Seymour,Connecticut,USA
Shelton,Connecticut,USA
Simsbury,Connecticut,USA
Southington,Connecticut,USA
Stamford,Connecticut,USA
Stonington,Connecticut,USA
Stratford,Connecticut,USA
Torrington,Connecticut,USA
Wallingford,Connecticut,USA
Waterbury,Connecticut,USA
Waterford,Connecticut,USA
Watertown,Connecticut,USA
West Hartford,Connecticut,USA
West Haven,Connecticut,USA
Westport,Connecticut,USA
Wethersfield,Connecticut,USA
Willimantic,Connecticut,USA
Windham,Connecticut,USA
Windsor,Connecticut,USA
Windsor Locks,Connecticut,USA
Winsted,Connecticut,USA
,,USA
Dover,Delaware,USA
Lewes,Delaware,USA
Milford,Delaware,USA
New Castle,Delaware,USA
Newark,Delaware,USA
Smyrna,Delaware,USA
Wilmington,Delaware,USA
,,USA
Apalachicola,Florida,USA
Bartow,Florida,USA
Belle Glade,Florida,USA
Boca Raton,Florida,USA
Bradenton,Florida,USA
Cape Coral,Florida,USA
Clearwater,Florida,USA
Cocoa Beach,Florida,USA
Cocoa-Rockledge,Florida,USA
Coral Gables,Florida,USA
Daytona Beach,Florida,USA
De Land,Florida,USA
Deerfield Beach,Florida,USA
Delray Beach,Florida,USA
Fernandina Beach,Florida,USA
Fort Lauderdale,Florida,USA
Fort Myers,Florida,USA
Fort Pierce,Florida,USA
Fort Walton Beach,Florida,USA
Gainesville,Florida,USA
Hallandale Beach,Florida,USA
Hialeah,Florida,USA
Hollywood,Florida,USA
Homestead,Florida,USA
Jacksonville,Florida,USA
Key West,Florida,USA
Lake City,Florida,USA
Lake Wales,Florida,USA
Lakeland,Florida,USA
Largo,Florida,USA
Melbourne,Florida,USA
Miami,Florida,USA
Miami Beach,Florida,USA
Naples,Florida,USA
New Smyrna Beach,Florida,USA
Ocala,Florida,USA
Orlando,Florida,USA
Ormond Beach,Florida,USA
Palatka,Florida,USA
Palm Bay,Florida,USA
Palm Beach,Florida,USA
Panama City,Florida,USA
Pensacola,Florida,USA
Pompano Beach,Florida,USA
Saint Augustine,Florida,USA
Saint Petersburg,Florida,USA
Sanford,Florida,USA
Sarasota,Florida,USA
Sebring,Florida,USA
Tallahassee,Florida,USA
Tampa,Florida,USA
Tarpon Springs,Florida,USA
Titusville,Florida,USA
Venice,Florida,USA
West Palm Beach,Florida,USA
White Springs,Florida,USA
Winter Haven,Florida,USA
Winter Park,Florida,USA
,,USA
Albany,Georgia,USA
Americus,Georgia,USA
Andersonville,Georgia,USA
Athens,Georgia,USA
Atlanta,Georgia,USA
Augusta,Georgia,USA
Bainbridge,Georgia,USA
Blairsville,Georgia,USA
Brunswick,Georgia,USA
Calhoun,Georgia,USA
Carrollton,Georgia,USA
Columbus,Georgia,USA
Dahlonega,Georgia,USA
Dalton,Georgia,USA
Darien,Georgia,USA
Decatur,Georgia,USA
Douglas,Georgia,USA
East Point,Georgia,USA
Fitzgerald,Georgia,USA
Fort Valley,Georgia,USA
Gainesville,Georgia,USA
La Grange,Georgia,USA
Macon,Georgia,USA
Marietta,Georgia,USA
Milledgeville,Georgia,USA
Plains,Georgia,USA
Rome,Georgia,USA
Savannah,Georgia,USA
Toccoa,Georgia,USA
Valdosta,Georgia,USA
Warm Springs,Georgia,USA
Warner Robins,Georgia,USA
Washington,Georgia,USA
Waycross,Georgia,USA
,,USA
Hanalei,Hawaii,USA
Hilo,Hawaii,USA
Honaunau,Hawaii,USA
Honolulu,Hawaii,USA
Kahului,Hawaii,USA
Kaneohe,Hawaii,USA
Kapaa,Hawaii,USA
Kawaihae,Hawaii,USA
Lahaina,Hawaii,USA
Laie,Hawaii,USA
Wahiawa,Hawaii,USA
Wailuku,Hawaii,USA
Waimea,Hawaii,USA
,,USA
Blackfoot,Idaho,USA
Boise,Idaho,USA
Bonners Ferry,Idaho,USA
Caldwell,Idaho,USA
Coeur d’Alene,Idaho,USA
Idaho City,Idaho,USA
Idaho Falls,Idaho,USA
Kellogg,Idaho,USA
Lewiston,Idaho,USA
Moscow,Idaho,USA
Nampa,Idaho,USA
Pocatello,Idaho,USA
Priest River,Idaho,USA
Rexburg,Idaho,USA
Sun Valley,Idaho,USA
Twin Falls,Idaho,USA
,,USA
Alton,Illinois,USA
Arlington Heights,Illinois,USA
Arthur,Illinois,USA
Aurora,Illinois,USA
Belleville,Illinois,USA
Belvidere,Illinois,USA
Bloomington,Illinois,USA
Brookfield,Illinois,USA
Cahokia,Illinois,USA
Cairo,Illinois,USA
Calumet City,Illinois,USA
Canton,Illinois,USA
Carbondale,Illinois,USA
Carlinville,Illinois,USA
Carthage,Illinois,USA
Centralia,Illinois,USA
Champaign,Illinois,USA
Charleston,Illinois,USA
Chester,Illinois,USA
Chicago,Illinois,USA
Chicago Heights,Illinois,USA
Cicero,Illinois,USA
Collinsville,Illinois,USA
Danville,Illinois,USA
Decatur,Illinois,USA
DeKalb,Illinois,USA
Des Plaines,Illinois,USA
Dixon,Illinois,USA
East Moline,Illinois,USA
East Saint Louis,Illinois,USA
Effingham,Illinois,USA
Elgin,Illinois,USA
Elmhurst,Illinois,USA
Evanston,Illinois,USA
Freeport,Illinois,USA
Galena,Illinois,USA
Galesburg,Illinois,USA
Glen Ellyn,Illinois,USA
Glenview,Illinois,USA
Granite City,Illinois,USA
Harrisburg,Illinois,USA
Herrin,Illinois,USA
Highland Park,Illinois,USA
Jacksonville,Illinois,USA
Joliet,Illinois,USA
Kankakee,Illinois,USA
Kaskaskia,Illinois,USA
Kewanee,Illinois,USA
La Salle,Illinois,USA
Lake Forest,Illinois,USA
Libertyville,Illinois,USA
Lincoln,Illinois,USA
Lisle,Illinois,USA
Lombard,Illinois,USA
Macomb,Illinois,USA
Mattoon,Illinois,USA
Moline,Illinois,USA
Monmouth,Illinois,USA
Mount Vernon,Illinois,USA
Mundelein,Illinois,USA
Naperville,Illinois,USA
Nauvoo,Illinois,USA
Normal,Illinois,USA
North Chicago,Illinois,USA
Oak Park,Illinois,USA
Oregon,Illinois,USA
Ottawa,Illinois,USA
Palatine,Illinois,USA
Park Forest,Illinois,USA
Park Ridge,Illinois,USA
Pekin,Illinois,USA
Peoria,Illinois,USA
Petersburg,Illinois,USA
Pontiac,Illinois,USA
Quincy,Illinois,USA
Rantoul,Illinois,USA
River Forest,Illinois,USA
Rock Island,Illinois,USA
Rockford,Illinois,USA
Salem,Illinois,USA
Shawneetown,Illinois,USA
Skokie,Illinois,USA
South Holland,Illinois,USA
Springfield,Illinois,USA
Streator,Illinois,USA
Summit,Illinois,USA
Urbana,Illinois,USA
Vandalia,Illinois,USA
Virden,Illinois,USA
Waukegan,Illinois,USA
Wheaton,Illinois,USA
Wilmette,Illinois,USA
Winnetka,Illinois,USA
Wood River,Illinois,USA
Zion,Illinois,USA
,,USA
Anderson,Indiana,USA
Bedford,Indiana,USA
Bloomington,Indiana,USA
Columbus,Indiana,USA
Connersville,Indiana,USA
Corydon,Indiana,USA
Crawfordsville,Indiana,USA
East Chicago,Indiana,USA
Elkhart,Indiana,USA
Elwood,Indiana,USA
Evansville,Indiana,USA
Fort Wayne,Indiana,USA
French Lick,Indiana,USA
Gary,Indiana,USA
Geneva,Indiana,USA
Goshen,Indiana,USA
Greenfield,Indiana,USA
Hammond,Indiana,USA
Hobart,Indiana,USA
Huntington,Indiana,USA
Indianapolis,Indiana,USA
Jeffersonville,Indiana,USA
Kokomo,Indiana,USA
Lafayette,Indiana,USA
Madison,Indiana,USA
Marion,Indiana,USA
Michigan City,Indiana,USA
Mishawaka,Indiana,USA
Muncie,Indiana,USA
Nappanee,Indiana,USA
Nashville,Indiana,USA
New Albany,Indiana,USA
New Castle,Indiana,USA
New Harmony,Indiana,USA
Peru,Indiana,USA
Plymouth,Indiana,USA
Richmond,Indiana,USA
Santa Claus,Indiana,USA
Shelbyville,Indiana,USA
South Bend,Indiana,USA
Terre Haute,Indiana,USA
Valparaiso,Indiana,USA
Vincennes,Indiana,USA
Wabash,Indiana,USA
West Lafayette,Indiana,USA
,,USA
Amana Colonies,Iowa,USA
Ames,Iowa,USA
Boone,Iowa,USA
Burlington,Iowa,USA
Cedar Falls,Iowa,USA
Cedar Rapids,Iowa,USA
Charles City,Iowa,USA
Cherokee,Iowa,USA
Clinton,Iowa,USA
Council Bluffs,Iowa,USA
Davenport,Iowa,USA
Des Moines,Iowa,USA
Dubuque,Iowa,USA
Estherville,Iowa,USA
Fairfield,Iowa,USA
Fort Dodge,Iowa,USA
Grinnell,Iowa,USA
Indianola,Iowa,USA
Iowa City,Iowa,USA
Keokuk,Iowa,USA
Mason City,Iowa,USA
Mount Pleasant,Iowa,USA
Muscatine,Iowa,USA
Newton,Iowa,USA
Oskaloosa,Iowa,USA
Ottumwa,Iowa,USA
Sioux City,Iowa,USA
Waterloo,Iowa,USA
Webster City,Iowa,USA
West Des Moines,Iowa,USA
,,USA
Abilene,Kansas,USA
Arkansas City,Kansas,USA
Atchison,Kansas,USA
Chanute,Kansas,USA
Coffeyville,Kansas,USA
Council Grove,Kansas,USA
Dodge City,Kansas,USA
Emporia,Kansas,USA
Fort Scott,Kansas,USA
Garden City,Kansas,USA
Great Bend,Kansas,USA
Hays,Kansas,USA
Hutchinson,Kansas,USA
Independence,Kansas,USA
Junction City,Kansas,USA
Kansas City,Kansas,USA
Lawrence,Kansas,USA
Leavenworth,Kansas,USA
Liberal,Kansas,USA
Manhattan,Kansas,USA
McPherson,Kansas,USA
Medicine Lodge,Kansas,USA
Newton,Kansas,USA
Olathe,Kansas,USA
Osawatomie,Kansas,USA
Ottawa,Kansas,USA
Overland Park,Kansas,USA
Pittsburg,Kansas,USA
Salina,Kansas,USA
Shawnee,Kansas,USA
Smith Center,Kansas,USA
Topeka,Kansas,USA
Wichita,Kansas,USA
,,USA
Ashland,Kentucky,USA
Barbourville,Kentucky,USA
Bardstown,Kentucky,USA
Berea,Kentucky,USA
Boonesborough,Kentucky,USA
Bowling Green,Kentucky,USA
Campbellsville,Kentucky,USA
Covington,Kentucky,USA
Danville,Kentucky,USA
Elizabethtown,Kentucky,USA
Frankfort,Kentucky,USA
Harlan,Kentucky,USA
Harrodsburg,Kentucky,USA
Hazard,Kentucky,USA
Henderson,Kentucky,USA
Hodgenville,Kentucky,USA
Hopkinsville,Kentucky,USA
Lexington,Kentucky,USA
Louisville,Kentucky,USA
Mayfield,Kentucky,USA
Maysville,Kentucky,USA
Middlesboro,Kentucky,USA
Newport,Kentucky,USA
Owensboro,Kentucky,USA
Paducah,Kentucky,USA
Paris,Kentucky,USA
Richmond,Kentucky,USA
,,USA
Abbeville,Louisiana,USA
Alexandria,Louisiana,USA
Bastrop,Louisiana,USA
Baton Rouge,Louisiana,USA
Bogalusa,Louisiana,USA
Bossier City,Louisiana,USA
Gretna,Louisiana,USA
Houma,Louisiana,USA
Lafayette,Louisiana,USA
Lake Charles,Louisiana,USA
Monroe,Louisiana,USA
Morgan City,Louisiana,USA
Natchitoches,Louisiana,USA
New Iberia,Louisiana,USA
New Orleans,Louisiana,USA
Opelousas,Louisiana,USA
Ruston,Louisiana,USA
Saint Martinville,Louisiana,USA
Shreveport,Louisiana,USA
Thibodaux,Louisiana,USA
,,USA
Auburn,Maine,USA
Augusta,Maine,USA
Bangor,Maine,USA
Bar Harbor,Maine,USA
Bath,Maine,USA
Belfast,Maine,USA
Biddeford,Maine,USA
Boothbay Harbor,Maine,USA
Brunswick,Maine,USA
Calais,Maine,USA
Caribou,Maine,USA
Castine,Maine,USA
Eastport,Maine,USA
Ellsworth,Maine,USA
Farmington,Maine,USA
Fort Kent,Maine,USA
Gardiner,Maine,USA
Houlton,Maine,USA
Kennebunkport,Maine,USA
Kittery,Maine,USA
Lewiston,Maine,USA
Lubec,Maine,USA
Machias,Maine,USA
Orono,Maine,USA
Portland,Maine,USA
Presque Isle,Maine,USA
Rockland,Maine,USA
Rumford,Maine,USA
Saco,Maine,USA
Scarborough,Maine,USA
Waterville,Maine,USA
York,Maine,USA
,,USA
Aberdeen,Maryland,USA
Annapolis,Maryland,USA
Baltimore,Maryland,USA
Bethesda-Chevy Chase,Maryland,USA
Bowie,Maryland,USA
Cambridge,Maryland,USA
Catonsville,Maryland,USA
College Park,Maryland,USA
Columbia,Maryland,USA
Cumberland,Maryland,USA
Easton,Maryland,USA
Elkton,Maryland,USA
Emmitsburg,Maryland,USA
Frederick,Maryland,USA
Greenbelt,Maryland,USA
Hagerstown,Maryland,USA
Hyattsville,Maryland,USA
Laurel,Maryland,USA
Oakland,Maryland,USA
Ocean City,Maryland,USA
Rockville,Maryland,USA
Saint Marys City,Maryland,USA
Salisbury,Maryland,USA
Silver Spring,Maryland,USA
Takoma Park,Maryland,USA
Towson,Maryland,USA
Westminster,Maryland,USA
,,USA
Abington,Massachusetts,USA
Adams,Massachusetts,USA
Amesbury,Massachusetts,USA
Amherst,Massachusetts,USA
Andover,Massachusetts,USA
Arlington,Massachusetts,USA
Athol,Massachusetts,USA
Attleboro,Massachusetts,USA
Barnstable,Massachusetts,USA
Bedford,Massachusetts,USA
Beverly,Massachusetts,USA
Boston,Massachusetts,USA
Bourne,Massachusetts,USA
Braintree,Massachusetts,USA
Brockton,Massachusetts,USA
Brookline,Massachusetts,USA
Cambridge,Massachusetts,USA
Canton,Massachusetts,USA
Charlestown,Massachusetts,USA
Chelmsford,Massachusetts,USA
Chelsea,Massachusetts,USA
Chicopee,Massachusetts,USA
Clinton,Massachusetts,USA
Cohasset,Massachusetts,USA
Concord,Massachusetts,USA
Danvers,Massachusetts,USA
Dartmouth,Massachusetts,USA
Dedham,Massachusetts,USA
Dennis,Massachusetts,USA
Duxbury,Massachusetts,USA
Eastham,Massachusetts,USA
Edgartown,Massachusetts,USA
Everett,Massachusetts,USA
Fairhaven,Massachusetts,USA
Fall River,Massachusetts,USA
Falmouth,Massachusetts,USA
Fitchburg,Massachusetts,USA
Framingham,Massachusetts,USA
Gloucester,Massachusetts,USA
Great Barrington,Massachusetts,USA
Greenfield,Massachusetts,USA
Groton,Massachusetts,USA
Harwich,Massachusetts,USA
Haverhill,Massachusetts,USA
Hingham,Massachusetts,USA
Holyoke,Massachusetts,USA
Hyannis,Massachusetts,USA
Ipswich,Massachusetts,USA
Lawrence,Massachusetts,USA
Lenox,Massachusetts,USA
Leominster,Massachusetts,USA
Lexington,Massachusetts,USA
Lowell,Massachusetts,USA
Ludlow,Massachusetts,USA
Lynn,Massachusetts,USA
Malden,Massachusetts,USA
Marblehead,Massachusetts,USA
Marlborough,Massachusetts,USA
Medford,Massachusetts,USA
Milton,Massachusetts,USA
Nahant,Massachusetts,USA
Natick,Massachusetts,USA
New Bedford,Massachusetts,USA
Newburyport,Massachusetts,USA
Newton,Massachusetts,USA
North Adams,Massachusetts,USA
Northampton,Massachusetts,USA
Norton,Massachusetts,USA
Norwood,Massachusetts,USA
Peabody,Massachusetts,USA
Pittsfield,Massachusetts,USA
Plymouth,Massachusetts,USA
Provincetown,Massachusetts,USA
Quincy,Massachusetts,USA
Randolph,Massachusetts,USA
Revere,Massachusetts,USA
Salem,Massachusetts,USA
Sandwich,Massachusetts,USA
Saugus,Massachusetts,USA
Somerville,Massachusetts,USA
South Hadley,Massachusetts,USA
Springfield,Massachusetts,USA
Stockbridge,Massachusetts,USA
Stoughton,Massachusetts,USA
Sturbridge,Massachusetts,USA
Sudbury,Massachusetts,USA
Taunton,Massachusetts,USA
Tewksbury,Massachusetts,USA
Truro,Massachusetts,USA
Watertown,Massachusetts,USA
Webster,Massachusetts,USA
Wellesley,Massachusetts,USA
Wellfleet,Massachusetts,USA
West Bridgewater,Massachusetts,USA
West Springfield,Massachusetts,USA
Westfield,Massachusetts,USA
Weymouth,Massachusetts,USA
Whitman,Massachusetts,USA
Williamstown,Massachusetts,USA
Woburn,Massachusetts,USA
Woods Hole,Massachusetts,USA
Worcester,Massachusetts,USA
,,USA
Adrian,Michigan,USA
Alma,Michigan,USA
Ann Arbor,Michigan,USA
Battle Creek,Michigan,USA
Bay City,Michigan,USA
Benton Harbor,Michigan,USA
Bloomfield Hills,Michigan,USA
Cadillac,Michigan,USA
Charlevoix,Michigan,USA
Cheboygan,Michigan,USA
Dearborn,Michigan,USA
Detroit,Michigan,USA
East Lansing,Michigan,USA
Eastpointe,Michigan,USA
Ecorse,Michigan,USA
Escanaba,Michigan,USA
Flint,Michigan,USA
Grand Haven,Michigan,USA
Grand Rapids,Michigan,USA
Grayling,Michigan,USA
Grosse Pointe,Michigan,USA
Hancock,Michigan,USA
Highland Park,Michigan,USA
Holland,Michigan,USA
Houghton,Michigan,USA
Interlochen,Michigan,USA
Iron Mountain,Michigan,USA
Ironwood,Michigan,USA
Ishpeming,Michigan,USA
Jackson,Michigan,USA
Kalamazoo,Michigan,USA
Lansing,Michigan,USA
Livonia,Michigan,USA
Ludington,Michigan,USA
Mackinaw City,Michigan,USA
Manistee,Michigan,USA
Marquette,Michigan,USA
Menominee,Michigan,USA
Midland,Michigan,USA
Monroe,Michigan,USA
Mount Clemens,Michigan,USA
Mount Pleasant,Michigan,USA
Muskegon,Michigan,USA
Niles,Michigan,USA
Petoskey,Michigan,USA
Pontiac,Michigan,USA
Port Huron,Michigan,USA
Royal Oak,Michigan,USA
Saginaw,Michigan,USA
Saint Ignace,Michigan,USA
Saint Joseph,Michigan,USA
Sault Sainte Marie,Michigan,USA
Traverse City,Michigan,USA
Trenton,Michigan,USA
Warren,Michigan,USA
Wyandotte,Michigan,USA
Ypsilanti,Michigan,USA
,,USA
Albert Lea,Minnesota,USA
Alexandria,Minnesota,USA
Austin,Minnesota,USA
Bemidji,Minnesota,USA
Bloomington,Minnesota,USA
Brainerd,Minnesota,USA
Crookston,Minnesota,USA
Duluth,Minnesota,USA
Ely,Minnesota,USA
Eveleth,Minnesota,USA
Faribault,Minnesota,USA
Fergus Falls,Minnesota,USA
Hastings,Minnesota,USA
Hibbing,Minnesota,USA
International Falls,Minnesota,USA
Little Falls,Minnesota,USA
Mankato,Minnesota,USA
Minneapolis,Minnesota,USA
Moorhead,Minnesota,USA
New Ulm,Minnesota,USA
Northfield,Minnesota,USA
Owatonna,Minnesota,USA
Pipestone,Minnesota,USA
Red Wing,Minnesota,USA
Rochester,Minnesota,USA
Saint Cloud,Minnesota,USA
Saint Paul,Minnesota,USA
Sauk Centre,Minnesota,USA
South Saint Paul,Minnesota,USA
Stillwater,Minnesota,USA
Virginia,Minnesota,USA
Willmar,Minnesota,USA
Winona,Minnesota,USA
,,USA
Bay Saint Louis,Mississippi,USA
Biloxi,Mississippi,USA
Canton,Mississippi,USA
Clarksdale,Mississippi,USA
Columbia,Mississippi,USA
Columbus,Mississippi,USA
Corinth,Mississippi,USA
Greenville,Mississippi,USA
Greenwood,Mississippi,USA
Grenada,Mississippi,USA
Gulfport,Mississippi,USA
Hattiesburg,Mississippi,USA
Holly Springs,Mississippi,USA
Jackson,Mississippi,USA
Laurel,Mississippi,USA
Meridian,Mississippi,USA
Natchez,Mississippi,USA
Ocean Springs,Mississippi,USA
Oxford,Mississippi,USA
Pascagoula,Mississippi,USA
Pass Christian,Mississippi,USA
Philadelphia,Mississippi,USA
Port Gibson,Mississippi,USA
Starkville,Mississippi,USA
Tupelo,Mississippi,USA
Vicksburg,Mississippi,USA
West Point,Mississippi,USA
Yazoo City,Mississippi,USA
,,USA
Boonville,Missouri,USA
Branson,Missouri,USA
Cape Girardeau,Missouri,USA
Carthage,Missouri,USA
Chillicothe,Missouri,USA
Clayton,Missouri,USA
Columbia,Missouri,USA
Excelsior Springs,Missouri,USA
Ferguson,Missouri,USA
Florissant,Missouri,USA
Fulton,Missouri,USA
Hannibal,Missouri,USA
Independence,Missouri,USA
Jefferson City,Missouri,USA
Joplin,Missouri,USA
Kansas City,Missouri,USA
Kirksville,Missouri,USA
Lamar,Missouri,USA
Lebanon,Missouri,USA
Lexington,Missouri,USA
Maryville,Missouri,USA
Mexico,Missouri,USA
Monett,Missouri,USA
Neosho,Missouri,USA
New Madrid,Missouri,USA
Rolla,Missouri,USA
Saint Charles,Missouri,USA
Saint Joseph,Missouri,USA
Saint Louis,Missouri,USA
Sainte Genevieve,Missouri,USA
Salem,Missouri,USA
Sedalia,Missouri,USA
Springfield,Missouri,USA
Warrensburg,Missouri,USA
West Plains,Missouri,USA
,,USA
Anaconda,Montana,USA
Billings,Montana,USA
Bozeman,Montana,USA
Butte,Montana,USA
Dillon,Montana,USA
Fort Benton,Montana,USA
Glendive,Montana,USA
Great Falls,Montana,USA
Havre,Montana,USA
Helena,Montana,USA
Kalispell,Montana,USA
Lewistown,Montana,USA
Livingston,Montana,USA
Miles City,Montana,USA
Missoula,Montana,USA
Virginia City,Montana,USA
,,USA
Beatrice,Nebraska,USA
Bellevue,Nebraska,USA
Boys Town,Nebraska,USA
Chadron,Nebraska,USA
Columbus,Nebraska,USA
Fremont,Nebraska,USA
Grand Island,Nebraska,USA
Hastings,Nebraska,USA
Kearney,Nebraska,USA
Lincoln,Nebraska,USA
McCook,Nebraska,USA
Minden,Nebraska,USA
Nebraska City,Nebraska,USA
Norfolk,Nebraska,USA
North Platte,Nebraska,USA
Omaha,Nebraska,USA
Plattsmouth,Nebraska,USA
Red Cloud,Nebraska,USA
Sidney,Nebraska,USA
,,USA
Boulder City,Nevada,USA
Carson City,Nevada,USA
Elko,Nevada,USA
Ely,Nevada,USA
Fallon,Nevada,USA
Genoa,Nevada,USA
Goldfield,Nevada,USA
Henderson,Nevada,USA
Las Vegas,Nevada,USA
North Las Vegas,Nevada,USA
Reno,Nevada,USA
Sparks,Nevada,USA
Virginia City,Nevada,USA
Winnemucca,Nevada,USA
,,USA
Berlin,New Hampshire,USA
Claremont,New Hampshire,USA
Concord,New Hampshire,USA
Derry,New Hampshire,USA
Dover,New Hampshire,USA
Durham,New Hampshire,USA
Exeter,New Hampshire,USA
Franklin,New Hampshire,USA
Hanover,New Hampshire,USA
Hillsborough,New Hampshire,USA
Keene,New Hampshire,USA
Laconia,New Hampshire,USA
Lebanon,New Hampshire,USA
Manchester,New Hampshire,USA
Nashua,New Hampshire,USA
Peterborough,New Hampshire,USA
Plymouth,New Hampshire,USA
Portsmouth,New Hampshire,USA
Rochester,New Hampshire,USA
Salem,New Hampshire,USA
Somersworth,New Hampshire,USA
,,USA
Asbury Park,New Jersey,USA
Atlantic City,New Jersey,USA
Bayonne,New Jersey,USA
Bloomfield,New Jersey,USA
Bordentown,New Jersey,USA
Bound Brook,New Jersey,USA
Bridgeton,New Jersey,USA
Burlington,New Jersey,USA
Caldwell,New Jersey,USA
Camden,New Jersey,USA
Cape May,New Jersey,USA
Clifton,New Jersey,USA
Cranford,New Jersey,USA
East Orange,New Jersey,USA
Edison,New Jersey,USA
Elizabeth,New Jersey,USA
Englewood,New Jersey,USA
Fort Lee,New Jersey,USA
Glassboro,New Jersey,USA
Hackensack,New Jersey,USA
Haddonfield,New Jersey,USA
Hoboken,New Jersey,USA
Irvington,New Jersey,USA
Jersey City,New Jersey,USA
Lakehurst,New Jersey,USA
Lakewood,New Jersey,USA
Long Beach,New Jersey,USA
Long Branch,New Jersey,USA
Madison,New Jersey,USA
Menlo Park,New Jersey,USA
Millburn,New Jersey,USA
Millville,New Jersey,USA
Montclair,New Jersey,USA
Morristown,New Jersey,USA
Mount Holly,New Jersey,USA
New Brunswick,New Jersey,USA
New Milford,New Jersey,USA
Newark,New Jersey,USA
Ocean City,New Jersey,USA
Orange,New Jersey,USA
Parsippany–Troy Hills,New Jersey,USA
Passaic,New Jersey,USA
Paterson,New Jersey,USA
Perth Amboy,New Jersey,USA
Plainfield,New Jersey,USA
Princeton,New Jersey,USA
Ridgewood,New Jersey,USA
Roselle,New Jersey,USA
Rutherford,New Jersey,USA
Salem,New Jersey,USA
Somerville,New Jersey,USA
South Orange Village,New Jersey,USA
Totowa,New Jersey,USA
Trenton,New Jersey,USA
Union,New Jersey,USA
Union City,New Jersey,USA
Vineland,New Jersey,USA
Wayne,New Jersey,USA
Weehawken,New Jersey,USA
West New York,New Jersey,USA
West Orange,New Jersey,USA
Willingboro,New Jersey,USA
Woodbridge,New Jersey,USA
,,USA
Acoma,New Mexico,USA
Alamogordo,New Mexico,USA
Albuquerque,New Mexico,USA
Artesia,New Mexico,USA
Belen,New Mexico,USA
Carlsbad,New Mexico,USA
Clovis,New Mexico,USA
Deming,New Mexico,USA
Farmington,New Mexico,USA
Gallup,New Mexico,USA
Grants,New Mexico,USA
Hobbs,New Mexico,USA
Las Cruces,New Mexico,USA
Las Vegas,New Mexico,USA
Los Alamos,New Mexico,USA
Lovington,New Mexico,USA
Portales,New Mexico,USA
Raton,New Mexico,USA
Roswell,New Mexico,USA
Santa Fe,New Mexico,USA
Shiprock,New Mexico,USA
Silver City,New Mexico,USA
Socorro,New Mexico,USA
Taos,New Mexico,USA
Truth or Consequences,New Mexico,USA
Tucumcari,New Mexico,USA
,,USA
Albany,New York,USA
Amsterdam,New York,USA
Auburn,New York,USA
Babylon,New York,USA
Batavia,New York,USA
Beacon,New York,USA
Bedford,New York,USA
Binghamton,New York,USA
Bronx,New York,USA
Brooklyn,New York,USA
Buffalo,New York,USA
Chautauqua,New York,USA
Cheektowaga,New York,USA
Clinton,New York,USA
Cohoes,New York,USA
Coney Island,New York,USA
Cooperstown,New York,USA
Corning,New York,USA
Cortland,New York,USA
Crown Point,New York,USA
Dunkirk,New York,USA
East Aurora,New York,USA
East Hampton,New York,USA
Eastchester,New York,USA
Elmira,New York,USA
Flushing,New York,USA
Forest Hills,New York,USA
Fredonia,New York,USA
Garden City,New York,USA
Geneva,New York,USA
Glens Falls,New York,USA
Gloversville,New York,USA
Great Neck,New York,USA
Hammondsport,New York,USA
Harlem,New York,USA
Hempstead,New York,USA
Herkimer,New York,USA
Hudson,New York,USA
Huntington,New York,USA
Hyde Park,New York,USA
Ilion,New York,USA
Ithaca,New York,USA
Jamestown,New York,USA
Johnstown,New York,USA
Kingston,New York,USA
Lackawanna,New York,USA
Lake Placid,New York,USA
Levittown,New York,USA
Lockport,New York,USA
Mamaroneck,New York,USA
Manhattan,New York,USA
Massena,New York,USA
Middletown,New York,USA
Mineola,New York,USA
Mount Vernon,New York,USA
New Paltz,New York,USA
New Rochelle,New York,USA
New Windsor,New York,USA
New York City,New York,USA
Newburgh,New York,USA
Niagara Falls,New York,USA
North Hempstead,New York,USA
Nyack,New York,USA
Ogdensburg,New York,USA
Olean,New York,USA
Oneida,New York,USA
Oneonta,New York,USA
Ossining,New York,USA
Oswego,New York,USA
Oyster Bay,New York,USA
Palmyra,New York,USA
Peekskill,New York,USA
Plattsburgh,New York,USA
Port Washington,New York,USA
Potsdam,New York,USA
Poughkeepsie,New York,USA
Queens,New York,USA
Rensselaer,New York,USA
Rochester,New York,USA
Rome,New York,USA
Rotterdam,New York,USA
Rye,New York,USA
Sag Harbor,New York,USA
Saranac Lake,New York,USA
Saratoga Springs,New York,USA
Scarsdale,New York,USA
Schenectady,New York,USA
Seneca Falls,New York,USA
Southampton,New York,USA
Staten Island,New York,USA
Stony Brook,New York,USA
Stony Point,New York,USA
Syracuse,New York,USA
Tarrytown,New York,USA
Ticonderoga,New York,USA
Tonawanda,New York,USA
Troy,New York,USA
Utica,New York,USA
Watertown,New York,USA
Watervliet,New York,USA
Watkins Glen,New York,USA
West Seneca,New York,USA
White Plains,New York,USA
Woodstock,New York,USA
Yonkers,New York,USA
,,USA
Asheboro,North Carolina,USA
Asheville,North Carolina,USA
Bath,North Carolina,USA
Beaufort,North Carolina,USA
Boone,North Carolina,USA
Burlington,North Carolina,USA
Chapel Hill,North Carolina,USA
Charlotte,North Carolina,USA
Concord,North Carolina,USA
Durham,North Carolina,USA
Edenton,North Carolina,USA
Elizabeth City,North Carolina,USA
Fayetteville,North Carolina,USA
Gastonia,North Carolina,USA
Goldsboro,North Carolina,USA
Greensboro,North Carolina,USA
Greenville,North Carolina,USA
Halifax,North Carolina,USA
Henderson,North Carolina,USA
Hickory,North Carolina,USA
High Point,North Carolina,USA
Hillsborough,North Carolina,USA
Jacksonville,North Carolina,USA
Kinston,North Carolina,USA
Kitty Hawk,North Carolina,USA
Lumberton,North Carolina,USA
Morehead City,North Carolina,USA
Morganton,North Carolina,USA
Nags Head,North Carolina,USA
New Bern,North Carolina,USA
Pinehurst,North Carolina,USA
Raleigh,North Carolina,USA
Rocky Mount,North Carolina,USA
Salisbury,North Carolina,USA
Shelby,North Carolina,USA
Washington,North Carolina,USA
Wilmington,North Carolina,USA
Wilson,North Carolina,USA
Winston-Salem,North Carolina,USA
,,USA
Bismarck,North Dakota,USA
Devils Lake,North Dakota,USA
Dickinson,North Dakota,USA
Fargo,North Dakota,USA
Grand Forks,North Dakota,USA
Jamestown,North Dakota,USA
Mandan,North Dakota,USA
Minot,North Dakota,USA
Rugby,North Dakota,USA
Valley City,North Dakota,USA
Wahpeton,North Dakota,USA
Williston,North Dakota,USA
,,USA
Akron,Ohio,USA
Alliance,Ohio,USA
Ashtabula,Ohio,USA
Athens,Ohio,USA
Barberton,Ohio,USA
Bedford,Ohio,USA
Bellefontaine,Ohio,USA
Bowling Green,Ohio,USA
Canton,Ohio,USA
Chillicothe,Ohio,USA
Cincinnati,Ohio,USA
Cleveland,Ohio,USA
Cleveland Heights,Ohio,USA
Columbus,Ohio,USA
Conneaut,Ohio,USA
Cuyahoga Falls,Ohio,USA
Dayton,Ohio,USA
Defiance,Ohio,USA
Delaware,Ohio,USA
East Cleveland,Ohio,USA
East Liverpool,Ohio,USA
Elyria,Ohio,USA
Euclid,Ohio,USA
Findlay,Ohio,USA
Gallipolis,Ohio,USA
Greenville,Ohio,USA
Hamilton,Ohio,USA
Kent,Ohio,USA
Kettering,Ohio,USA
Lakewood,Ohio,USA
Lancaster,Ohio,USA
Lima,Ohio,USA
Lorain,Ohio,USA
Mansfield,Ohio,USA
Marietta,Ohio,USA
Marion,Ohio,USA
Martins Ferry,Ohio,USA
Massillon,Ohio,USA
Mentor,Ohio,USA
Middletown,Ohio,USA
Milan,Ohio,USA
Mount Vernon,Ohio,USA
New Philadelphia,Ohio,USA
Newark,Ohio,USA
Niles,Ohio,USA
North College Hill,Ohio,USA
Norwalk,Ohio,USA
Oberlin,Ohio,USA
Painesville,Ohio,USA
Parma,Ohio,USA
Piqua,Ohio,USA
Portsmouth,Ohio,USA
Put-in-Bay,Ohio,USA
Salem,Ohio,USA
Sandusky,Ohio,USA
Shaker Heights,Ohio,USA
Springfield,Ohio,USA
Steubenville,Ohio,USA
Tiffin,Ohio,USA
Toledo,Ohio,USA
Urbana,Ohio,USA
Warren,Ohio,USA
Wooster,Ohio,USA
Worthington,Ohio,USA
Xenia,Ohio,USA
Yellow Springs,Ohio,USA
Youngstown,Ohio,USA
Zanesville,Ohio,USA
,,USA
Ada,Oklahoma,USA
Altus,Oklahoma,USA
Alva,Oklahoma,USA
Anadarko,Oklahoma,USA
Ardmore,Oklahoma,USA
Bartlesville,Oklahoma,USA
Bethany,Oklahoma,USA
Chickasha,Oklahoma,USA
Claremore,Oklahoma,USA
Clinton,Oklahoma,USA
Cushing,Oklahoma,USA
Duncan,Oklahoma,USA
Durant,Oklahoma,USA
Edmond,Oklahoma,USA
El Reno,Oklahoma,USA
Elk City,Oklahoma,USA
Enid,Oklahoma,USA
Eufaula,Oklahoma,USA
Frederick,Oklahoma,USA
Guthrie,Oklahoma,USA
Guymon,Oklahoma,USA
Hobart,Oklahoma,USA
Holdenville,Oklahoma,USA
Hugo,Oklahoma,USA
Lawton,Oklahoma,USA
McAlester,Oklahoma,USA
Miami,Oklahoma,USA
Midwest City,Oklahoma,USA
Moore,Oklahoma,USA
Muskogee,Oklahoma,USA
Norman,Oklahoma,USA
Oklahoma City,Oklahoma,USA
Okmulgee,Oklahoma,USA
Pauls Valley,Oklahoma,USA
Pawhuska,Oklahoma,USA
Perry,Oklahoma,USA
Ponca City,Oklahoma,USA
Pryor,Oklahoma,USA
Sallisaw,Oklahoma,USA
Sand Springs,Oklahoma,USA
Sapulpa,Oklahoma,USA
Seminole,Oklahoma,USA
Shawnee,Oklahoma,USA
Stillwater,Oklahoma,USA
Tahlequah,Oklahoma,USA
The Village,Oklahoma,USA
Tulsa,Oklahoma,USA
Vinita,Oklahoma,USA
Wewoka,Oklahoma,USA
Woodward,Oklahoma,USA
,,USA
Albany,Oregon,USA
Ashland,Oregon,USA
Astoria,Oregon,USA
Baker City,Oregon,USA
Beaverton,Oregon,USA
Bend,Oregon,USA
Brookings,Oregon,USA
Burns,Oregon,USA
Coos Bay,Oregon,USA
Corvallis,Oregon,USA
Eugene,Oregon,USA
Grants Pass,Oregon,USA
Hillsboro,Oregon,USA
Hood River,Oregon,USA
Jacksonville,Oregon,USA
John Day,Oregon,USA
Klamath Falls,Oregon,USA
La Grande,Oregon,USA
Lake Oswego,Oregon,USA
Lakeview,Oregon,USA
McMinnville,Oregon,USA
Medford,Oregon,USA
Newberg,Oregon,USA
Newport,Oregon,USA
Ontario,Oregon,USA
Oregon City,Oregon,USA
Pendleton,Oregon,USA
Port Orford,Oregon,USA
Portland,Oregon,USA
Prineville,Oregon,USA
Redmond,Oregon,USA
Reedsport,Oregon,USA
Roseburg,Oregon,USA
Salem,Oregon,USA
Seaside,Oregon,USA
Springfield,Oregon,USA
The Dalles,Oregon,USA
Tillamook,Oregon,USA
,,USA
Abington,Pennsylvania,USA
Aliquippa,Pennsylvania,USA
Allentown,Pennsylvania,USA
Altoona,Pennsylvania,USA
Ambridge,Pennsylvania,USA
Bedford,Pennsylvania,USA
Bethlehem,Pennsylvania,USA
Bloomsburg,Pennsylvania,USA
Bradford,Pennsylvania,USA
Bristol,Pennsylvania,USA
Carbondale,Pennsylvania,USA
Carlisle,Pennsylvania,USA
Chambersburg,Pennsylvania,USA
Chester,Pennsylvania,USA
Columbia,Pennsylvania,USA
Easton,Pennsylvania,USA
Erie,Pennsylvania,USA
Franklin,Pennsylvania,USA
Germantown,Pennsylvania,USA
Gettysburg,Pennsylvania,USA
Greensburg,Pennsylvania,USA
Hanover,Pennsylvania,USA
Harmony,Pennsylvania,USA
Harrisburg,Pennsylvania,USA
Hazleton,Pennsylvania,USA
Hershey,Pennsylvania,USA
Homestead,Pennsylvania,USA
Honesdale,Pennsylvania,USA
Indiana,Pennsylvania,USA
Jeannette,Pennsylvania,USA
Jim Thorpe,Pennsylvania,USA
Johnstown,Pennsylvania,USA
Lancaster,Pennsylvania,USA
Lebanon,Pennsylvania,USA
Levittown,Pennsylvania,USA
Lewistown,Pennsylvania,USA
Lock Haven,Pennsylvania,USA
Lower Southampton,Pennsylvania,USA
McKeesport,Pennsylvania,USA
Meadville,Pennsylvania,USA
Middletown,Pennsylvania,USA
Monroeville,Pennsylvania,USA
Nanticoke,Pennsylvania,USA
New Castle,Pennsylvania,USA
New Hope,Pennsylvania,USA
New Kensington,Pennsylvania,USA
Norristown,Pennsylvania,USA
Oil City,Pennsylvania,USA
Philadelphia,Pennsylvania,USA
Phoenixville,Pennsylvania,USA
Pittsburgh,Pennsylvania,USA
Pottstown,Pennsylvania,USA
Pottsville,Pennsylvania,USA
Reading,Pennsylvania,USA
Scranton,Pennsylvania,USA
Shamokin,Pennsylvania,USA
Sharon,Pennsylvania,USA
State College,Pennsylvania,USA
Stroudsburg,Pennsylvania,USA
Sunbury,Pennsylvania,USA
Swarthmore,Pennsylvania,USA
Tamaqua,Pennsylvania,USA
Titusville,Pennsylvania,USA
Uniontown,Pennsylvania,USA
Warren,Pennsylvania,USA
Washington,Pennsylvania,USA
West Chester,Pennsylvania,USA
Wilkes-Barre,Pennsylvania,USA
Williamsport,Pennsylvania,USA
York,Pennsylvania,USA
,,USA
Barrington,Rhode Island,USA
Bristol,Rhode Island,USA
Central Falls,Rhode Island,USA
Cranston,Rhode Island,USA
East Greenwich,Rhode Island,USA
East Providence,Rhode Island,USA
Kingston,Rhode Island,USA
Middletown,Rhode Island,USA
Narragansett,Rhode Island,USA
Newport,Rhode Island,USA
North Kingstown,Rhode Island,USA
Pawtucket,Rhode Island,USA
Portsmouth,Rhode Island,USA
Providence,Rhode Island,USA
South Kingstown,Rhode Island,USA
Tiverton,Rhode Island,USA
Warren,Rhode Island,USA
Warwick,Rhode Island,USA
Westerly,Rhode Island,USA
Wickford,Rhode Island,USA
Woonsocket,Rhode Island,USA
,,USA
Abbeville,South Carolina,USA
Aiken,South Carolina,USA
Anderson,South Carolina,USA
Beaufort,South Carolina,USA
Camden,South Carolina,USA
Charleston,South Carolina,USA
Columbia,South Carolina,USA
Darlington,South Carolina,USA
Florence,South Carolina,USA
Gaffney,South Carolina,USA
Georgetown,South Carolina,USA
Greenville,South Carolina,USA
Greenwood,South Carolina,USA
Hartsville,South Carolina,USA
Lancaster,South Carolina,USA
Mount Pleasant,South Carolina,USA
Myrtle Beach,South Carolina,USA
Orangeburg,South Carolina,USA
Rock Hill,South Carolina,USA
Spartanburg,South Carolina,USA
Sumter,South Carolina,USA
Union,South Carolina,USA
,,USA
Aberdeen,South Dakota,USA
Belle Fourche,South Dakota,USA
Brookings,South Dakota,USA
Canton,South Dakota,USA
Custer,South Dakota,USA
De Smet,South Dakota,USA
Deadwood,South Dakota,USA
Hot Springs,South Dakota,USA
Huron,South Dakota,USA
Lead,South Dakota,USA
Madison,South Dakota,USA
Milbank,South Dakota,USA
Mitchell,South Dakota,USA
Mobridge,South Dakota,USA
Pierre,South Dakota,USA
Rapid City,South Dakota,USA
Sioux Falls,South Dakota,USA
Spearfish,South Dakota,USA
Sturgis,South Dakota,USA
Vermillion,South Dakota,USA
Watertown,South Dakota,USA
Yankton,South Dakota,USA
,,USA
Alcoa,Tennessee,USA
Athens,Tennessee,USA
Chattanooga,Tennessee,USA
Clarksville,Tennessee,USA
Cleveland,Tennessee,USA
Columbia,Tennessee,USA
Cookeville,Tennessee,USA
Dayton,Tennessee,USA
Elizabethton,Tennessee,USA
Franklin,Tennessee,USA
Gallatin,Tennessee,USA
Gatlinburg,Tennessee,USA
Greeneville,Tennessee,USA
Jackson,Tennessee,USA
Johnson City,Tennessee,USA
Jonesborough,Tennessee,USA
Kingsport,Tennessee,USA
Knoxville,Tennessee,USA
Lebanon,Tennessee,USA
Maryville,Tennessee,USA
Memphis,Tennessee,USA
Morristown,Tennessee,USA
Murfreesboro,Tennessee,USA
Nashville,Tennessee,USA
Norris,Tennessee,USA
Oak Ridge,Tennessee,USA
Shelbyville,Tennessee,USA
Tullahoma,Tennessee,USA
,,USA
Abilene,Texas,USA
Alpine,Texas,USA
Amarillo,Texas,USA
Arlington,Texas,USA
Austin,Texas,USA
Baytown,Texas,USA
Beaumont,Texas,USA
Big Spring,Texas,USA
Borger,Texas,USA
Brownsville,Texas,USA
Bryan,Texas,USA
Canyon,Texas,USA
Cleburne,Texas,USA
College Station,Texas,USA
Corpus Christi,Texas,USA
Crystal City,Texas,USA
Dallas,Texas,USA
Del Rio,Texas,USA
Denison,Texas,USA
Denton,Texas,USA
Eagle Pass,Texas,USA
Edinburg,Texas,USA
El Paso,Texas,USA
Fort Worth,Texas,USA
Freeport,Texas,USA
Galveston,Texas,USA
Garland,Texas,USA
Goliad,Texas,USA
Greenville,Texas,USA
Harlingen,Texas,USA
Houston,Texas,USA
Huntsville,Texas,USA
Irving,Texas,USA
Johnson City,Texas,USA
Kilgore,Texas,USA
Killeen,Texas,USA
Kingsville,Texas,USA
Laredo,Texas,USA
Longview,Texas,USA
Lubbock,Texas,USA
Lufkin,Texas,USA
Marshall,Texas,USA
McAllen,Texas,USA
McKinney,Texas,USA
Mesquite,Texas,USA
Midland,Texas,USA
Mission,Texas,USA
Nacogdoches,Texas,USA
New Braunfels,Texas,USA
Odessa,Texas,USA
Orange,Texas,USA
Pampa,Texas,USA
Paris,Texas,USA
Pasadena,Texas,USA
Pecos,Texas,USA
Pharr,Texas,USA
Plainview,Texas,USA
Plano,Texas,USA
Port Arthur,Texas,USA
Port Lavaca,Texas,USA
Richardson,Texas,USA
San Angelo,Texas,USA
San Antonio,Texas,USA
San Felipe,Texas,USA
San Marcos,Texas,USA
Sherman,Texas,USA
Sweetwater,Texas,USA
Temple,Texas,USA
Texarkana,Texas,USA
Texas City,Texas,USA
Tyler,Texas,USA
Uvalde,Texas,USA
Victoria,Texas,USA
Waco,Texas,USA
Weatherford,Texas,USA
Wichita Falls,Texas,USA
Ysleta,Texas,USA
,,USA
Alta,Utah,USA
American Fork,Utah,USA
Bountiful,Utah,USA
Brigham City,Utah,USA
Cedar City,Utah,USA
Clearfield,Utah,USA
Delta,Utah,USA
Fillmore,Utah,USA
Green River,Utah,USA
Heber City,Utah,USA
Kanab,Utah,USA
Layton,Utah,USA
Lehi,Utah,USA
Logan,Utah,USA
Manti,Utah,USA
Moab,Utah,USA
Monticello,Utah,USA
Murray,Utah,USA
Nephi,Utah,USA
Ogden,Utah,USA
Orderville,Utah,USA
Orem,Utah,USA
Panguitch,Utah,USA
Park City,Utah,USA
Payson,Utah,USA
Price,Utah,USA
Provo,Utah,USA
Saint George,Utah,USA
Salt Lake City,Utah,USA
Spanish Fork,Utah,USA
Springville,Utah,USA
Tooele,Utah,USA
Vernal,Utah,USA
,,USA
Barre,Vermont,USA
Bellows Falls,Vermont,USA
Bennington,Vermont,USA
Brattleboro,Vermont,USA
Burlington,Vermont,USA
Essex,Vermont,USA
Manchester,Vermont,USA
Middlebury,Vermont,USA
Montpelier,Vermont,USA
Newport,Vermont,USA
Plymouth,Vermont,USA
Rutland,Vermont,USA
Saint Albans,Vermont,USA
Saint Johnsbury,Vermont,USA
Sharon,Vermont,USA
Winooski,Vermont,USA
,,USA
Abingdon,Virginia,USA
Alexandria,Virginia,USA
Bristol,Virginia,USA
Charlottesville,Virginia,USA
Chesapeake,Virginia,USA
Danville,Virginia,USA
Fairfax,Virginia,USA
Falls Church,Virginia,USA
Fredericksburg,Virginia,USA
Hampton,Virginia,USA
Hanover,Virginia,USA
Hopewell,Virginia,USA
Lexington,Virginia,USA
Lynchburg,Virginia,USA
Manassas,Virginia,USA
Martinsville,Virginia,USA
New Market,Virginia,USA
Newport News,Virginia,USA
Norfolk,Virginia,USA
Petersburg,Virginia,USA
Portsmouth,Virginia,USA
Reston,Virginia,USA
Richmond,Virginia,USA
Roanoke,Virginia,USA
Staunton,Virginia,USA
Suffolk,Virginia,USA
Virginia Beach,Virginia,USA
Waynesboro,Virginia,USA
Williamsburg,Virginia,USA
Winchester,Virginia,USA
,,USA
Aberdeen,Washington,USA
Anacortes,Washington,USA
Auburn,Washington,USA
Bellevue,Washington,USA
Bellingham,Washington,USA
Bremerton,Washington,USA
Centralia,Washington,USA
Coulee Dam,Washington,USA
Coupeville,Washington,USA
Ellensburg,Washington,USA
Ephrata,Washington,USA
Everett,Washington,USA
Hoquiam,Washington,USA
Kelso,Washington,USA
Kennewick,Washington,USA
Longview,Washington,USA
Moses Lake,Washington,USA
Oak Harbor,Washington,USA
Olympia,Washington,USA
Pasco,Washington,USA
Point Roberts,Washington,USA
Port Angeles,Washington,USA
Pullman,Washington,USA
Puyallup,Washington,USA
Redmond,Washington,USA
Renton,Washington,USA
Richland,Washington,USA
Seattle,Washington,USA
Spokane,Washington,USA
Tacoma,Washington,USA
Vancouver,Washington,USA
Walla Walla,Washington,USA
Wenatchee,Washington,USA
Yakima,Washington,USA
,,USA
Bath,West Virginia,USA
Beckley,West Virginia,USA
Bluefield,West Virginia,USA
Buckhannon,West Virginia,USA
Charles Town,West Virginia,USA
Charleston,West Virginia,USA
Clarksburg,West Virginia,USA
Elkins,West Virginia,USA
Fairmont,West Virginia,USA
Grafton,West Virginia,USA
Harpers Ferry,West Virginia,USA
Hillsboro,West Virginia,USA
Hinton,West Virginia,USA
Huntington,West Virginia,USA
Keyser,West Virginia,USA
Lewisburg,West Virginia,USA
Logan,West Virginia,USA
Martinsburg,West Virginia,USA
Morgantown,West Virginia,USA
Moundsville,West Virginia,USA
New Martinsville,West Virginia,USA
Parkersburg,West Virginia,USA
Philippi,West Virginia,USA
Point Pleasant,West Virginia,USA
Princeton,West Virginia,USA
Romney,West Virginia,USA
Shepherdstown,West Virginia,USA
South Charleston,West Virginia,USA
Summersville,West Virginia,USA
Weirton,West Virginia,USA
Welch,West Virginia,USA
Wellsburg,West Virginia,USA
Weston,West Virginia,USA
Wheeling,West Virginia,USA
White Sulphur Springs,West Virginia,USA
Williamson,West Virginia,USA
,,USA
Appleton,Wisconsin,USA
Ashland,Wisconsin,USA
Baraboo,Wisconsin,USA
Belmont,Wisconsin,USA
Beloit,Wisconsin,USA
Eau Claire,Wisconsin,USA
Fond du Lac,Wisconsin,USA
Green Bay,Wisconsin,USA
Hayward,Wisconsin,USA
Janesville,Wisconsin,USA
Kenosha,Wisconsin,USA
La Crosse,Wisconsin,USA
Lake Geneva,Wisconsin,USA
Madison,Wisconsin,USA
Manitowoc,Wisconsin,USA
Marinette,Wisconsin,USA
Menasha,Wisconsin,USA
Milwaukee,Wisconsin,USA
Neenah,Wisconsin,USA
New Glarus,Wisconsin,USA
Oconto,Wisconsin,USA
Oshkosh,Wisconsin,USA
Peshtigo,Wisconsin,USA
Portage,Wisconsin,USA
Prairie du Chien,Wisconsin,USA
Racine,Wisconsin,USA
Rhinelander,Wisconsin,USA
Ripon,Wisconsin,USA
Sheboygan,Wisconsin,USA
Spring Green,Wisconsin,USA
Stevens Point,Wisconsin,USA
Sturgeon Bay,Wisconsin,USA
Superior,Wisconsin,USA
Waukesha,Wisconsin,USA
Wausau,Wisconsin,USA
Wauwatosa,Wisconsin,USA
West Allis,Wisconsin,USA
West Bend,Wisconsin,USA
Wisconsin Dells,Wisconsin,USA
,,USA
Buffalo,Wyoming,USA
Casper,Wyoming,USA
Cheyenne,Wyoming,USA
Cody,Wyoming,USA
Douglas,Wyoming,USA
Evanston,Wyoming,USA
Gillette,Wyoming,USA
Green River,Wyoming,USA
Jackson,Wyoming,USA
Lander,Wyoming,USA
Laramie,Wyoming,USA
Newcastle,Wyoming,USA
Powell,Wyoming,USA
Rawlins,Wyoming,USA
Riverton,Wyoming,USA
Rock Springs,Wyoming,USA
Sheridan,Wyoming,USA
Ten Sleep,Wyoming,USA
Thermopolis,Wyoming,USA
Torrington,Wyoming,USA
Worland,Wyoming,USA
