Rank,University,Location
948,A.T. Still University,Kirksville ...
507,Abilene Christian University,Abilene
1336,Abraham Baldwin Agricultural College,Tifton
339,Academy of Art University,San Francisco
944,Adams State University,Alamosa
460,Adelphi University,Garden City
1606,Adler Graduate School,Richfield
1246,Adler University,Chicago ...
1153,Adrian College,Adrian
1339,Adventist University of Health Sciences,Orlando
556,Agnes Scott College,Decatur
1456,Air Force Institute of Technology,Wright-Patterson AFB
773,Alabama A&M University,Normal
858,Alabama State University,Montgomery
1691,Alaska Bible College,Palmer
1148,Alaska Pacific University,Anchorage
1316,Albany College of Pharmacy and Health Sciences,Albany
1410,Albany Law School,Albany
753,Albany Medical College,Albany
1303,Albany State University,Albany
1458,Albertus Magnus College,New Haven
710,Albion College,Albion
1263,Albright College,Reading
986,Alcorn State University,Lorman
1439,Alderson Broaddus University,Philippi
1010,Alfred State College,Alfred
643,Alfred University,Alfred
1499,Alice Lloyd College,Pippa Passes
949,Allegheny College,Meadville
1690,Allen College,Waterloo
1615,Allen University,Columbia
805,Alliant International University,San Diego ...
977,Alma College,Alma
741,Alvernia University,Reading
960,Alverno College,Milwaukee
1610,Amberton University,Garland
1781,American Baptist College,Nashville
Un,American Film Institute Conservatory,Los Angeles
1110,American International College,Springfield
1385,American Jewish University,Los Angeles ...
120,American University,Washington
237,Amherst College,Amherst
1393,Anderson University,Anderson
901,"Anderson University, Indiana",Anderson
423,Andrews University,Berrien Springs
584,Angelo State University,San Angelo
1574,Anna Maria College,Paxton
490,Antioch University,Yellow Springs ...
Un,Antioch University Los Angeles,Culver City
Un,Antioch University New England,Keene
Un,Antioch University Santa Barbara,Santa Barbara
Un,Antioch University Seattle,Seattle
1634,Appalachian Bible College,Mount Hope
1697,Appalachian College of Pharmacy,Oakwood
204,Appalachian State University,Boone
1002,Aquinas College,Grand Rapids
1668,"Aquinas College, Tennessee",Nashville
626,Arcadia University,Glenside
713,Argosy University,Orange ...
1699,Arizona Christian University,Phoenix
27,Arizona State University,Tempe ...
1677,Arkansas Baptist College,Little Rock
421,Arkansas State University,Jonesboro
621,Arkansas Tech University,Russellville
1735,Arlington Baptist University,Arlington
494,Armstrong State University,Savannah
1545,Art Academy of Cincinnati,Cincinnati
400,ArtCenter College of Design,Pasadena
1130,Asbury University,Wilmore
611,Ashland University,Ashland
769,Assumption College,Worcester
915,Athens State University,Athens
1669,Atlanta Metropolitan State College,Atlanta
123,Auburn University,Auburn
870,Auburn University at Montgomery,Montgomery
543,Augsburg College,Minneapolis
412,Augusta University,Augusta
553,Augustana College,Rock Island
779,Augustana University,Sioux Falls
790,Aurora University,Aurora ...
941,Austin College,Sherman
550,Austin Peay State University,Clarksville
1288,Ave Maria University,Ave Maria
1297,Averett University,Danville ...
1421,Avila University,Kansas City
416,Azusa Pacific University,Azusa
281,Babson College,Babson Park
1592,Bacone College,Muskogee
540,Baker College,Flint ...
969,Baker University,Baldwin City
624,Baldwin Wallace University,Berea
194,Ball State University,Muncie
1131,Bank Street College of Education,New York City
1783,Baptist Bible College,Springfield
1693,Baptist Memorial College of Health Sciences,Memphis
1794,Baptist University of the Americas,San Antonio
1652,Barclay College,Haviland
318,Bard College,Annandale-on-Hudson
1060,Bard College at Simon's Rock,Great Barrington
488,Barnard College,New York City
1675,Barnes-Jewish College Goldfarb School of Nursing,St. Louis
623,Barry University,Miami ...
1504,Barton College,Wilson
586,Bastyr University,Kenmore
403,Bates College,Lewiston
1034,Bay Path University,Longmeadow
1646,Bay State College,Boston ...
231,Baylor College of Medicine,Houston
128,Baylor University,Waco
1549,Beacon College,Leesburg
1237,Becker College,Worcester ...
1205,Belhaven University,Jackson
640,Bellarmine University,Louisville
576,Bellevue College,Bellevue
658,Bellevue University,Bellevue ...
1764,Bellin College,Green Bay
1278,Belmont Abbey College,Belmont
463,Belmont University,Nashville
502,Beloit College,Beloit
875,Bemidji State University,Bemidji
1388,Benedict College,Columbia
1087,Benedictine College,Atchison
801,Benedictine University,Lisle
1442,Benjamin Franklin Institute of Technology,Boston
1307,Bennett College,Greensboro
866,Bennington College,Bennington
349,Bentley University,Waltham
663,Berea College,Berea
788,Berkeley College,New York City ...
193,Berklee College of Music,Boston
495,"Bernard M Baruch College, CUNY",New York City
752,Berry College,Mount Berry
1483,Bethany College,Bethany
1588,"Bethany College, Kansas",Lindsborg
1314,Bethany Lutheran College,Mankato
1164,Bethel College,North Newton
1390,Bethel College-Indiana,Mishawaka
561,Bethel University,St. Paul ...
1695,"Bethel University, Tennessee",McKenzie
1803,Bethesda University,Anaheim
1032,Bethune-Cookman University,Daytona Beach
1760,Beulah Heights University,Atlanta
148,"Binghamton University, State University of New York",Vestal
341,Biola University,La Mirada
1095,Birmingham-Southern College,Birmingham
1120,Bismarck State College,Bismarck
919,Black Hills State University,Spearfish
1552,Blackburn College,Carlinville
1755,Blessing-Rieman College of Nursing,Quincy
1064,Bloomfield College,Bloomfield
528,Bloomsburg University of Pennsylvania,Bloomsburg
1641,Blue Mountain College,Blue Mountain
1481,Bluefield College,Bluefield
1534,Bluefield State College,Bluefield
555,Bluffton University,Bluffton
791,Bob Jones University,Greenville
1752,Boise Bible College,Boise
206,Boise State University,Boise
1721,Boricua College,New York City
882,Boston Architectural College,Boston
98,Boston College,Chestnut Hill
1665,Boston Graduate School of Psychoanalysis,Brookline ...
34,Boston University,Boston ...
288,Bowdoin College,Brunswick
830,Bowie State University,Bowie
197,Bowling Green State University,Bowling Green ...
384,Bradley University,Peoria
145,Brandeis University,Waltham
972,Brandman University,Irvine
1543,Brazosport College,Lake Jackson
1081,Brenau University,Gainesville
1428,Brescia University,Owensboro
1371,Brevard College,Brevard
1707,Brewton-Parker College,Mount Vernon
1425,Briar Cliff University,Sioux City
1742,Briarcliffe College,Bethpage
1033,Bridgewater College,Bridgewater
431,Bridgewater State University,Bridgewater
64,Brigham Young University,Provo
770,Brigham Young University-Hawaii,Laie
269,Brigham Young University-Idaho,Rexburg
523,Brooklyn College,Brooklyn
934,Brooklyn Law School,Brooklyn
498,Broward College,Fort Lauderdale
1266,Brown Mackie College,Salina ...
67,Brown University,Providence
1343,Bryan College,Dayton ...
1798,Bryan College of Health Sciences,Lincoln
1200,Bryant and Stratton College,Buffalo ...
620,Bryant University,Smithfield
1583,Bryn Athyn College,Bryn Athyn
254,Bryn Mawr College,Bryn Mawr
236,Bucknell University,Lewisburg
1020,Buena Vista University,Storm Lake
305,Buffalo State College,Buffalo
465,Butler University,Indianapolis
Un,Cabarrus College of Health Sciences,Concord
1293,Cabrini University,Radnor
1596,Cairn University,Langhorne ...
1099,Caldwell University,Caldwell
763,California Baptist University,Riverside ...
508,California College of the Arts,San Francisco ...
726,California Institute of Integral Studies,San Francisco
50,California Institute of Technology,Pasadena
415,California Institute of the Arts,Valencia
549,California Lutheran University,Thousand Oaks
105,"California Polytechnic State University, San Luis Obispo",San Luis Obispo
160,"California State Polytechnic University, Pomona",Pomona
535,California State University Channel Islands,Camarillo
774,California State University Maritime Academy,Vallejo
324,California State University San Marcos,San Marcos ...
402,California State University Stanislaus,Turlock ...
592,"California State University, Bakersfield",Bakersfield
178,"California State University, Chico",Chico
297,"California State University, Dominguez Hills",Carson ...
387,"California State University, East Bay",Hayward ...
242,"California State University, Fresno",Fresno
111,"California State University, Fullerton",Fullerton ...
156,"California State University, Long Beach",Long Beach
211,"California State University, Los Angeles",Los Angeles
516,"California State University, Monterey Bay",Seaside
102,"California State University, Northridge",Northridge
154,"California State University, Sacramento",Sacramento
331,"California State University, San Bernardino",San Bernardino ...
1050,California University of Pennsylvania,California
1367,California Western School of Law,San Diego
1510,Calumet College of St. Joseph,Whiting
1753,Calvary University,Kansas City
201,Calvin College,Grand Rapids
1227,Cambridge College,Cambridge
982,Cameron University,Lawton ...
685,Campbell University,Buies Creek
1074,Campbellsville University,Campbellsville
647,Canisius College,Buffalo
855,Capital University,Columbus
1289,Capitol Technology University,Laurel
1351,Cardinal Stritch University,Milwaukee
198,Carleton College,Northfield
1257,Carlow University,Pittsburgh
19,Carnegie Mellon University,Pittsburgh ...
914,Carroll College,Helena
1070,Carroll University,Waukesha ...
700,Carson-Newman University,Jefferson City
742,Carthage College,Kenosha
108,Case Western Reserve University,Cleveland
1331,Castleton University,Castleton
1202,Catawba College,Salisbury
1519,Catholic Theological Union,Chicago
1511,Cazenovia College,Cazenovia
1136,Cedar Crest College,Allentown
538,Cedarville University,Cedarville
864,Centenary College of Louisiana,Shreveport
1412,Centenary University,Hackettstown
1618,Central Baptist College,Conway
1660,Central Christian College of Kansas,McPherson
1694,Central Christian College of the Bible,Moberly ...
1024,Central College,Pella
332,Central Connecticut State University,New Britain
1544,Central Methodist University,Fayette
216,Central Michigan University,Mount Pleasant
1394,Central Penn College,Summerdale
1317,Central State University,Wilberforce
300,Central Washington University,Ellensburg ...
1533,Centralia College,Centralia
786,Centre College,Danville
1061,Chadron State College,Chadron
1037,Chamberlain College of Nursing,Addison ...
1044,Chaminade University of Honolulu,Honolulu
455,Champlain College,Burlington ...
230,Chapman University,Orange
1156,Charles R. Drew University of Medicine and Science,Los Angeles
1194,Charleston Southern University,Charleston
757,Chatham University,Pittsburgh
1276,Chestnut Hill College,Philadelphia
1441,Cheyney University of Pennsylvania,Cheyney
567,Chicago State University,Chicago
1532,Chipola College,Marianna
1520,Chowan University,Murfreesboro
806,Christian Brothers University,Memphis
577,Christopher Newport University,Newport News
1569,Cincinnati Christian University,Cincinnati
889,City University of Seattle,Bellevue ...
1466,Claflin University,Orangeburg
533,Claremont Graduate University,Claremont
547,Claremont McKenna College,Claremont
810,Clarion University of Pennsylvania,Clarion
831,Clark Atlanta University,Atlanta
241,Clark University,Worcester
1090,Clarke University,Dubuque
1600,Clarks Summit University,Clarks Summit
1538,Clarkson College,Omaha
346,Clarkson University,Potsdam
744,Clayton State University,Morrow
1751,Clear Creek Baptist Bible College,Pineville
1491,Cleary University,Howell ...
109,Clemson University,Clemson
956,Cleveland Institute of Art,Cleveland
1238,Cleveland Institute of Music,Cleveland
259,Cleveland State University,Cleveland
1497,Cleveland University-Kansas City,Overland Park
572,Coastal Carolina University,Conway ...
997,Coe College,Cedar Rapids
1157,Cogswell Polytechnical College,San Jose ...
1355,Coker College,Hartsville
244,Colby College,Waterville
1128,Colby-Sawyer College,New London
337,Colgate University,Hamilton
1003,College for Creative Studies,Detroit
1776,College of Biblical Studies,Houston
1430,College of Central Florida,Ocala
286,College of Charleston,Charleston
1508,College of Coastal Georgia,Brunswick
1361,College of Mount Saint Vincent,The Bronx
1536,College of Our Lady of the Elms,Chicopee
354,College of Saint Benedict Saint John's University,St. Joseph ...
1211,College of Saint Elizabeth,Morristown
1356,College of Saint Mary,Omaha
662,College of Southern Nevada,Las Vegas
1576,College of St. Joseph,Rutland ...
911,College of Staten Island,Staten Island
1008,College of the Atlantic,Bar Harbor
441,College of the Holy Cross,Worcester
1069,College of the Ozarks,Point Lookout
161,College of William & Mary,Williamsburg
892,Colorado Christian University,Lakewood
360,Colorado College,Colorado Springs ...
927,Colorado Mesa University,Grand Junction
248,Colorado School of Mines,Golden
63,Colorado State University,Fort Collins
1129,Colorado State University-Pueblo,Pueblo ...
588,Colorado Technical University,Colorado Springs ...
1399,Columbia Basin College,Pasco
707,Columbia College,Columbia
290,Columbia College Chicago,Chicago
1756,Columbia College of Nursing,Glendale
1605,"Columbia College, South Carolina",Columbia
1692,Columbia College-Hollywood,Tarzana
1309,Columbia International University,Columbia
13,Columbia University in the City of New York,New York City
1000,Columbus College of Art and Design,Columbus
815,Columbus State University,Columbus
1396,Concord University,Athens
873,Concordia College,Moorhead
1744,Concordia College Alabama,Selma
1282,Concordia College-New York,Bronxville
1469,Concordia University Ann Arbor,Ann Arbor
881,Concordia University Chicago,River Forest
918,Concordia University Irvine,Irvine
1072,Concordia University Texas,Austin
687,Concordia University Wisconsin,Mequon
1006,"Concordia University, Nebraska",Seward
590,"Concordia University, Oregon",Portland
891,"Concordia University, St. Paul",St. Paul
429,Connecticut College,New London
1218,Converse College,Spartanburg
1632,Conway School of Landscape Design,Conway
1053,Coppin State University,Baltimore
1335,Corban University,Salem ...
848,Cornell College,Mount Vernon
6,Cornell University,Ithaca
930,Cornerstone University,Grand Rapids
1139,Cornish College of the Arts,Seattle
1585,Cottey College,Nevada
1417,Covenant College,Lookout Mountain
1717,Cox College,Springfield
1345,Cranbrook Academy of Art,Bloomfield Hills
234,Creighton University,Omaha
1687,Criswell College,Dallas
1796,Crossroads Bible College,Indianapolis
1725,Crossroads College,Rochester
1761,Crowley's Ridge College,Paragould
1389,Crown College,St. Bonifacius ...
1514,Culver-Stockton College,Canton
1526,Cumberland University,Lebanon
1515,CUNY School of Law,Long Island City
994,Curry College,Milton
1085,Curtis Institute of Music,Philadelphia
959,Daemen College,Amherst
606,Dakota State University,Madison ...
1163,Dakota Wesleyan University,Mitchell
777,Dallas Baptist University,Dallas
1658,Dallas Christian College,Dallas
1192,Dalton State College,Dalton
79,Dartmouth College,Hanover
799,Davenport University,Grand Rapids ...
373,Davidson College,Davidson
1679,Davis & Elkins College,Elkins
1708,Davis College,Johnson City ...
837,Daytona State College,Daytona Beach
1215,Dean College,Franklin
1525,Defiance College,Defiance
727,Delaware State University,Dover
1193,Delaware Valley University,Doylestown
933,Delta State University,Cleveland
570,Denison University,Granville
1785,Denver College of Nursing,Denver
135,DePaul University,Chicago
461,DePauw University,Greencastle
1183,Des Moines University,Des Moines
961,DeSales University,Center Valley
333,DeVry University,Chicago ...
385,Dickinson College,Carlisle
1369,Dickinson State University,Dickinson
1025,Dillard University,New Orleans
807,Dixie State University,St. George
1126,Doane University,Crete
1271,Dominican College,Orangeburg
1639,Dominican School of Philosophy & Theology,Berkeley
926,Dominican University,River Forest
764,Dominican University of California,San Rafael
1729,Donnelly College,Kansas City
916,Dordt College,Sioux Center
1383,Dowling College,Oakdale ...
473,Drake University,Des Moines
425,Drew University,Madison
101,Drexel University,Philadelphia
782,Drury University,Springfield ...
33,Duke University,Durham
1502,Dunwoody College of Technology,Minneapolis
369,Duquesne University,Pittsburgh
842,D'Youville College,Buffalo
308,Earlham College,Richmond
183,East Carolina University,Greenville
1051,East Central University,Ada
1556,East Georgia State College,Swainsboro
853,East Stroudsburg University,East Stroudsburg
263,East Tennessee State University,Johnson City ...
1418,East Texas Baptist University,Marshall
868,Eastern Connecticut State University,Willimantic
378,Eastern Illinois University,Charleston
351,Eastern Kentucky University,Richmond
775,Eastern Mennonite University,Harrisonburg ...
228,Eastern Michigan University,Ypsilanti ...
1270,Eastern Nazarene College,Quincy
737,Eastern New Mexico University,Portales
899,Eastern Oregon University,La Grande
898,Eastern University,St. Davids
845,Eastern Virginia Medical School,Norfolk
350,Eastern Washington University,Cheney
1737,East-West University,Chicago
1759,Ecclesia College,Springdale
708,Eckerd College,St. Petersburg ...
1046,ECPI University,Virginia Beach
945,Edgewood College,Madison
797,Edinboro University of Pennsylvania,Edinboro
1349,Edward Waters College,Jacksonville
963,Elizabeth City State University,Elizabeth City
694,Elizabethtown College,Elizabethtown
566,Elmhurst College,Elmhurst
1146,Elmira College,Elmira
298,Elon University,Elon
217,Embry-Riddle Aeronautical University,Daytona Beach ...
432,Emerson College,Boston
1019,Emmanuel College,Boston
1619,"Emmanuel College, Georgia",Franklin Springs
1575,Emmaus Bible College,Dubuque
1075,Emory & Henry College,Emory ...
75,Emory University,Atlanta
449,Emporia State University,Emporia
981,Endicott College,Beverly
1462,Erskine College,Due West
1403,Eureka College,Eureka ...
1047,Evangel University,Springfield
1645,Everglades University,Boca Raton ...
548,Fairfield University,Fairfield
405,Fairleigh Dickinson University,Teaneck ...
1255,Fairmont State University,Fairmont
1609,Faith Baptist Bible College and Theological Seminary,Ankeny
803,Farmingdale State College,Farmingdale
343,Fashion Institute of Technology,New York City
1160,Faulkner University,Montgomery
766,Fayetteville State University,Fayetteville
1219,Felician University,Lodi ...
309,Ferris State University,Big Rapids
1397,Ferrum College,Ferrum
1285,Fielding Graduate University,Santa Barbara
1488,Finlandia University,Hancock
1490,Fisher College,Boston ...
1012,Fisk University,Nashville
958,Fitchburg State University,Fitchburg
1733,Five Towns College,Dix Hills
871,Flagler College,St. Augustine ...
581,Florida Agricultural and Mechanical University,Tallahassee
164,Florida Atlantic University,Boca Raton ...
1676,Florida College,Temple Terrace
1726,Florida Gateway College,Lake City
392,Florida Gulf Coast University,Fort Myers
273,Florida Institute of Technology,Melbourne
104,Florida International University,Miami
1404,Florida Memorial University,Miami Gardens
1650,Florida National University,Hialeah
818,Florida Southern College,Lakeland ...
1306,Florida SouthWestern State College,Fort Myers
792,Florida State College at Jacksonville,Jacksonville
61,Florida State University,Tallahassee ...
1119,Fontbonne University,St. Louis
106,Fordham University,The Bronx ...
437,Fort Hays State University,Hays
702,Fort Lewis College,Durango
1354,Fort Valley State University,Fort Valley
840,Framingham State University,Framingham
1123,Francis Marion University,Florence
1523,Franciscan Missionaries of Our Lady University,Baton Rouge
1161,Franciscan University of Steubenville,Steubenville
476,Franklin and Marshall College,Lancaster
1298,Franklin College,Franklin
1240,Franklin Pierce University,Rindge ...
798,Franklin University,Columbus
861,Franklin W. Olin College of Engineering,Needham
1287,Freed-Hardeman University,Henderson
846,Fresno Pacific University,Fresno ...
1197,Friends University,Wichita ...
487,Frostburg State University,Frostburg ...
375,Furman University,Greenville
361,Gallaudet University,Washington
878,Gannon University,Erie
1112,Gardner-Webb University,Boiling Springs ...
1671,Geisinger Commonwealth School of Medicine,Scranton
1178,Geneva College,Beaver Falls
636,George Fox University,Newberg
69,George Mason University,Fairfax
70,George Washington University,Washington ...
503,Georgetown College,Georgetown
62,Georgetown University,Washington
615,Georgia College and State University,Milledgeville ...
1198,Georgia Gwinnett College,Lawrenceville
39,Georgia Institute of Technology,Atlanta
359,Georgia Southern University,Statesboro
1176,Georgia Southwestern State University,Americus
55,Georgia State University,Atlanta
1147,Georgian Court University,Lakewood
485,Gettysburg College,Gettysburg
1654,Glenville State College,Glenville
1065,Goddard College,Plainfield ...
1734,God's Bible School and College,Cincinnati
683,Golden Gate University,San Francisco ...
1423,Goldey-Beacom College,Wilmington
260,Gonzaga University,Spokane
1791,Good Samaritan College of Nursing and Health Science,Cincinnati
1528,Goodwin College,East Hartford
659,Gordon College,Wenham ...
1472,Gordon State College,Barnesville
679,Goshen College,Goshen
541,Goucher College,Towson
838,Governors State University,University Park
1723,Grace Bible College,Wyoming
1102,Grace College,Winona Lake ...
1580,Grace University,Omaha
1150,Graceland University,Lamoni
957,Grambling State University,Grambling
250,Grand Canyon University,Phoenix
184,Grand Valley State University,Allendale ...
1495,Grand View University,Des Moines
1366,Granite State College,Concord
1703,Gratz College,Melrose Park
1105,Great Basin College,Elko ...
1666,Great Lakes Christian College,Lansing
1062,Green Mountain College,Poultney ...
1643,Greensboro College,Greensboro
966,Greenville College,Greenville
442,Grinnell College,Grinnell
796,Grove City College,Grove City
867,Guilford College,Greensboro
1165,Gulf Coast State College,Panama City
613,Gustavus Adolphus College,St. Peter
1038,Gwynedd Mercy University,Gwynedd Valley
424,Hamilton College,Clinton
529,Hamline University,St. Paul
962,Hampden-Sydney College,Hampden-Sydney
430,Hampshire College,Amherst
778,Hampton University,Hampton
1566,Hannibal-LaGrange University,Hannibal
450,Hanover College,Hanover
595,Harding University,Searcy ...
1055,Hardin-Simmons University,Abilene
1209,Harrisburg University of Science and Technology,Harrisburg
1572,Harris-Stowe State University,St. Louis
912,Hartwick College,Oneonta
3,Harvard University,Cambridge
253,Harvey Mudd College,Claremont ...
1308,Hastings College,Hastings
365,Haverford College,Haverford
688,Hawaii Pacific University,Honolulu
1562,Hebrew College,Newton Centre
1068,Heidelberg University,Tiffin
1804,Helene Fuld College of Nursing,New York City
1009,Henderson State University,Arkadelphia
732,Hendrix College,Conway
1773,Heritage Christian University,Florence
1461,Heritage University,Toppenish
1114,Herzing University,Madison
719,High Point University,High Point
1492,Hilbert College,Hamburg
514,Hillsdale College,Hillsdale
953,Hiram College,Hiram
388,Hobart and William Smith Colleges,Geneva
1268,Hodges University,Naples
249,Hofstra University,Hempstead
1040,Hollins University,Roanoke
1674,Holy Apostles College and Seminary,Cromwell
1531,Holy Cross College,Notre Dame
1473,Holy Family University,Philadelphia
1334,Holy Names University,Oakland
754,Hood College,Frederick
509,Hope College,Holland
1475,Hope International University,Fullerton
1171,Houghton College,Houghton ...
1014,Houston Baptist University,Houston
1436,Howard Payne University,Brownwood
340,Howard University,Washington
458,Hult International Business School,Cambridge ...
246,Humboldt State University,Arcata
1636,Humphreys University,Stockton
436,"Hunter College, CUNY",New York City
1301,Huntingdon College,Montgomery
1141,Huntington University,Huntington ...
987,Husson University,Bangor
1447,Huston-Tillotson University,Austin
314,Icahn School of Medicine at Mount Sinai,New York City
271,Idaho State University,Pocatello
1353,Illinois College,Jacksonville
1642,Illinois College of Optometry,Chicago
162,Illinois Institute of Technology,Chicago
208,Illinois State University,Normal
657,Illinois Wesleyan University,Bloomington
1203,Immaculata University,Immaculata ...
1431,Indian River State College,Fort Pierce
1143,Indiana Institute of Technology,Fort Wayne ...
348,Indiana State University,Terre Haute
470,Indiana University - Purdue University Fort Wayne,Fort Wayne
159,Indiana University - Purdue University Indianapolis,Indianapolis
47,Indiana University Bloomington,Bloomington
1584,Indiana University East,Richmond
1517,Indiana University Kokomo,Kokomo
991,Indiana University Northwest,Gary
377,Indiana University of Pennsylvania,Indiana
952,Indiana University South Bend,South Bend ...
998,Indiana University Southeast,New Albany
607,Indiana Wesleyan University,Marion
879,Iona College,New Rochelle
51,Iowa State University of Science and Technology,Ames
1670,Iowa Wesleyan University,Mount Pleasant
Un,Irell and Manella Graduate School of Biological Sciences,Duarte
262,Ithaca College,Ithaca
661,Jackson State University,Jackson
664,Jacksonville State University,Jacksonville
711,Jacksonville University,Jacksonville
155,James Madison University,Harrisonburg
1766,Jamestown Business College,Jamestown
1622,Jarvis Christian College,Hawkins
1540,Jefferson College of Health Sciences,Roanoke
872,John Brown University,Siloam Springs
767,John Carroll University,University Heights
1078,John F. Kennedy University,Pleasant Hill ...
557,John Jay College of Criminal Justice,New York City
1741,John Paul the Great Catholic University,Escondido
1793,John Wesley University,High Point ...
32,Johns Hopkins University,Baltimore ...
406,Johnson and Wales University,Providence ...
1213,Johnson C. Smith University,Charlotte
1444,Johnson State College,Johnson
1616,Johnson University,Knoxville ...
1629,Judson College,Marion
1480,Judson University,Elgin ...
1004,Juniata College,Huntingdon
597,Kalamazoo College,Kalamazoo
1231,Kansas City Art Institute,Kansas City
1300,Kansas City University of Medicine and Biosciences,Kansas City
139,Kansas State University,Manhattan ...
1449,Kansas Wesleyan University,Salina
660,Kaplan University,Davenport
420,Kean University,Union ...
654,Keck Graduate Institute,Claremont
619,Keene State College,Keene
859,Keiser University,Fort Lauderdale
1079,Kendall College,Chicago
187,Kennesaw State University,Kennesaw
115,Kent State University,Kent ...
1649,Kentucky Christian University,Grayson
942,Kentucky State University,Frankfort
1498,Kentucky Wesleyan College,Owensboro
292,Kenyon College,Gambier
1709,Kettering College,Kettering
574,Kettering University,Flint
1368,Keuka College,Keuka Park
1420,Keystone College,La Plume
1435,King University,Bristol
905,King's College,Wilkes-Barre
716,Knox College,Galesburg ...
578,Kutztown University of Pennsylvania,Kutztown
1681,Kuyper College,Grand Rapids
1302,La Roche College,Pittsburgh
714,La Salle University,Philadelphia
844,La Sierra University,Riverside
1739,Labouré College,Milton
439,Lafayette College,Easton
1400,LaGrange College,LaGrange
1684,Laguna College of Art and Design,Laguna Beach
1617,Lake Erie College,Painesville
824,Lake Forest College,Lake Forest
1736,Lake Forest Graduate School of Management,Lake Forest
644,Lake Superior State University,Sault Ste. Marie
1438,Lake Washington Institute of Technology,Kirkland
992,Lakeland College,Plymouth
1768,Lakeview College of Nursing,Danville
140,Lamar University,Beaumont
1177,Lancaster Bible College,Lancaster
745,Lander University,Greenwood
1223,Landmark College,Putney
1581,Lane College,Jackson
1363,Langston University,Langston
1234,Lasell College,Newton
639,Lawrence Technological University,Southfield
612,Lawrence University,Appleton
656,Le Moyne College,Syracuse
917,Lebanon Valley College,Annville
1092,Lee University,Cleveland
1416,Lees-McRae College,Banner Elk
166,Lehigh University,Bethlehem
552,"Lehman College, CUNY",The Bronx
1601,LeMoyne-Owen College,Memphis
1305,Lenoir-Rhyne University,Hickory
524,Lesley University,Cambridge ...
908,LeTourneau University,Longview
381,Lewis & Clark College,Portland
734,Lewis University,Romeoville
795,Lewis-Clark State College,Lewiston ...
150,Liberty University,Lynchburg
1705,Life Pacific College,San Dimas
922,Life University,Marietta
1310,LIM College,New York City
1292,Limestone College,Gaffney
1635,Lincoln Christian University,Lincoln
1659,Lincoln College,Lincoln
1686,Lincoln College of New England,Southington ...
887,Lincoln Memorial University,Harrogate
1059,Lincoln University,Lincoln University
1611,"Lincoln University, California",Oakland
1145,"Lincoln University, Missouri",Jefferson City
856,Lindenwood University,St. Charles
1506,Lindsey Wilson College,Columbia
809,Linfield College,McMinnville ...
559,Lipscomb University,Nashville
1595,Livingstone College,Salisbury
532,Lock Haven University,Lock Haven ...
1251,Logan University,Chesterfield
404,Loma Linda University,Loma Linda
393,Long Island University,Brooklyn ...
721,Longwood University,Farmville
1168,Loras College,Dubuque
1352,Louisiana College,Pineville
99,Louisiana State University,Baton Rouge
519,Louisiana State University Health Sciences Center,New Orleans ...
1342,Louisiana State University Health Sciences Center-Shreveport,Shreveport
814,Louisiana State University in Shreveport,Shreveport ...
1340,Louisiana State University of Alexandria,Alexandria
345,Louisiana Tech University,Ruston
1454,Lourdes University,Sylvania
220,Loyola Marymount University,Los Angeles
126,Loyola University Chicago,Chicago
356,Loyola University Maryland,Baltimore
435,Loyola University New Orleans,New Orleans
1311,Lubbock Christian University,Lubbock
637,Luther College,Decorah
921,Lycoming College,Williamsport
902,Lynchburg College,Lynchburg
1448,Lyndon State College,Lyndonville
785,Lynn University,Boca Raton
1151,Lyon College,Batesville
364,Macalester College,St. Paul
1477,MacMurray College,Jacksonville
1262,Madonna University,Livonia ...
602,Maharishi University of Management,Fairfield
1031,Maine College of Art,Portland
1175,Maine Maritime Academy,Castine
1190,Malone University,Canton
1041,Manchester University,North Manchester
1644,Manhattan Christian College,Manhattan
743,Manhattan College,Riverdale
893,Manhattan School of Music,New York City
1058,Manhattanville College,Purchase
1191,Mansfield University of Pennsylvania,Mansfield
1551,Maranatha Baptist University,Watertown
1722,Maria College,Albany
924,Marian University,Indianapolis
1422,"Marian University, Wisconsin",Fond du Lac
783,Marietta College,Marietta
276,Marist College,Poughkeepsie
1045,Marlboro College,Marlboro
188,Marquette University,Milwaukee
1392,Mars Hill University,Mars Hill
1673,Marshall B. Ketchum University,Fullerton ...
304,Marshall University,Huntington
1512,Martin Luther College,New Ulm
1724,Martin Methodist College,Pulaski
1683,Martin University,Indianapolis
1405,Mary Baldwin University,Staunton
1142,Marygrove College,Detroit
504,Maryland Institute College of Art,Baltimore
1539,Maryland University of Integrative Health,Laurel
1137,Marylhurst University,Marylhurst
1738,Marymount California University,Rancho Palos Verdes
1426,Marymount Manhattan College,New York City
808,Marymount University,Arlington
1241,Maryville College,Maryville
678,Maryville University,St. Louis
970,Marywood University,Scranton
633,Massachusetts College of Art and Design,Boston
1109,Massachusetts College of Liberal Arts,North Adams
1,Massachusetts Institute of Technology,Cambridge
1057,Massachusetts Maritime Academy,Buzzards Bay
1688,Massachusetts School of Law,Andover
Un,Mayo Medical School,Rochester
1460,Mayville State University,Mayville
681,McDaniel College,Westminster
1125,McKendree University,Lebanon
1315,McMurry University,Abilene
748,McNeese State University,Lake Charles
1450,McPherson College,McPherson
880,MCPHS University,Boston ...
1323,Medaille College,Buffalo
1230,Medgar Evers College,Brooklyn
368,Medical College of Wisconsin,Milwaukee
299,Medical University of South Carolina,Charleston
1362,Meharry Medical College,Nashville
1527,Memphis College of Art,Memphis
1486,Menlo College,Atherton ...
444,Mercer University,Macon
1086,Mercy College,Dobbs Ferry
1653,Mercy College of Health Sciences,Des Moines
1678,Mercy College of Ohio,Toledo
913,Mercyhurst University,Erie
939,Meredith College,Raleigh
817,Merrimack College,North Andover
699,Messiah College,Mechanicsburg ...
1788,Methodist College,Peoria
1377,Methodist University,Fayetteville
1680,Metropolitan College of New York,New York City
1026,Metropolitan State University,St. Paul
380,Metropolitan State University of Denver,Denver
1375,MGH Institute of Health Professions,Boston
413,Miami Dade College,Miami
181,Miami University,Oxford ...
1778,Michigan School of Professional Psychology,Farmington Hills
25,Michigan State University,East Lansing
134,Michigan Technological University,Houghton
1553,Mid-America Christian University,Oklahoma City
1290,MidAmerica Nazarene University,Olathe
1748,Mid-Atlantic Christian University,Elizabeth City
1182,Middle Georgia State University,Macon
1754,Middle Tennessee School of Anesthesia,Madison
233,Middle Tennessee State University,Murfreesboro
219,Middlebury College,Middlebury
1427,Midland College,Midland
1657,Midland University,Fremont
1763,Midstate College,Peoria
1413,Midway University,Midway
776,Midwestern State University,Wichita Falls
645,Midwestern University,Downers Grove ...
1516,Miles College,Fairfield
527,Millersville University of Pennsylvania,Millersville
1365,Milligan College,Elizabethton
865,Millikin University,Decatur
672,Mills College,Oakland
1071,Millsaps College,Jackson
1254,Milwaukee Institute of Art & Design,Milwaukee
562,Milwaukee School of Engineering,Milwaukee
821,Minneapolis College of Art and Design,Minneapolis
579,Minnesota State University Moorhead,Moorhead
302,"Minnesota State University, Mankato",Mankato ...
967,Minot State University,Minot
1121,Misericordia University,Dallas
673,Mississippi College,Clinton ...
158,Mississippi State University,Mississippi State ...
1018,Mississippi University for Women,Columbus
1328,Mississippi Valley State University,Itta Bena
1370,Missouri Baptist University,St. Louis
1122,Missouri Southern State University,Joplin
268,Missouri State University,Springfield ...
279,Missouri University of Science and Technology,Rolla
1406,Missouri Valley College,Marshall
925,Missouri Western State University,St. Joseph
1459,Mitchell College,New London
1144,Mitchell Hamline School of Law,St. Paul
1048,Molloy College,Rockville Centre
1489,Monmouth College,Monmouth
407,Monmouth University,West Long Branch
1096,Monroe College,Bronx ...
137,Montana State University,Bozeman
904,Montana State University Billings,Billings
1324,Montana State University-Northern,Havre ...
819,Montana Tech,Butte
301,Montclair State University,Montclair
980,Montreat College,Montreat ...
1587,Montserrat College of Art,Beverly
876,Moody Bible Institute,Chicago
1235,Moore College of Art and Design,Philadelphia
929,Moravian College,Bethlehem
781,Morehead State University,Morehead ...
669,Morehouse College,Atlanta
1076,Morehouse School of Medicine,Atlanta
593,Morgan State University,Baltimore
955,Morningside College,Sioux City
1577,Morris College,Sumter
1173,Morrisville State College,Morrisville
1501,Mount Aloysius College,Cresson
1648,Mount Carmel College of Nursing,Columbus
225,Mount Holyoke College,South Hadley
1132,Mount Ida College,Newton
1432,Mount Marty College,Yankton
1260,Mount Mary University,Milwaukee
1274,Mount Mercy University,Cedar Rapids
1186,Mount Saint Mary College,Newburgh
1589,Mount Saint Mary's University,Los Angeles
1341,Mount St. Joseph University,Cincinnati
1015,Mount St. Mary's University,Emmitsburg ...
1332,Mount Vernon Nazarene University,Mount Vernon ...
747,Muhlenberg College,Allentown
1443,Multnomah University,Portland ...
610,Murray State University,Murray ...
816,Muskingum University,New Concord
733,Naropa University,Boulder
1049,National American University,Rapid City ...
544,National Defense University,Fort Lesley J McNair
1727,National Labor College,Silver Spring
491,National University,La Jolla
1221,National University of Health Sciences,Lombard ...
789,National-Louis University,Chicago ...
474,Naval Postgraduate School,Monterey
1598,Nazarene Bible College,Colorado Springs
978,Nazareth College,Rochester
1757,Nebraska Christian College,Papillion
1446,Nebraska Methodist College,Omaha
1036,Nebraska Wesleyan University,Lincoln ...
1267,Neumann University,Aston
1730,Neumont University,Salt Lake City
1716,Nevada State College,Henderson
996,New College of Florida,Sarasota
1017,New England College,Henniker
1567,New England College of Optometry,Boston
920,New England Conservatory,Boston
1116,New England Institute of Technology,East Greenwich
1304,New England Law | Boston,Boston
1784,New Hope Christian College,Eugene
703,New Jersey City University,Jersey City
180,New Jersey Institute of Technology,Newark
993,New Mexico Highlands University,Las Vegas
315,New Mexico Institute of Mining and Technology,Socorro
173,New Mexico State University,Las Cruces
1503,New York Academy of Art,New York City
909,"New York City College of Technology, CUNY",Brooklyn
1613,New York College of Podiatric Medicine,New York City
428,New York Institute of Technology,Old Westbury ...
825,New York Law School,New York City
988,New York Medical College,Valhalla
1395,New York School of Interior Design,New York City
16,New York University,New York City ...
1372,Newberry College,Newberry
1554,Newbury College,Brookline
1273,Newman University,Wichita ...
1259,NewSchool of Architecture and Design,San Diego
722,Niagara University,Niagara University
822,Nicholls State University,Thibodaux
1256,Nichols College,Dudley
932,Norfolk State University,Norfolk
497,North Carolina Agricultural and Technical State University,Greensboro
601,North Carolina Central University,Durham
41,North Carolina State University,Raleigh
1098,North Carolina Wesleyan College,Rocky Mount ...
720,North Central College,Naperville ...
1374,North Central University,Minneapolis
212,North Dakota State University,Fargo
1433,North Greenville University,Tigerville
705,North Park University,Chicago
1805,Northeast Catholic College,Warner
1210,Northeast Ohio Medical University,Rootstown
551,Northeastern Illinois University,Chicago
843,Northeastern State University,Tahlequah
119,Northeastern University,Boston
142,Northern Arizona University,Flagstaff ...
152,Northern Illinois University,DeKalb
411,Northern Kentucky University,Highland Heights ...
391,Northern Michigan University,Marquette
1559,Northern New Mexico College,Espanola ...
828,Northern State University,Aberdeen
1159,Northland College,Ashland
1780,Northpoint Bible College,Haverhill
1711,Northwest Christian University,Eugene
1294,Northwest Florida State College,Niceville
718,Northwest Missouri State University,Maryville ...
746,Northwest Nazarene University,Nampa
1154,Northwest University,Kirkland ...
1214,Northwestern College,Orange City
1206,Northwestern Health Sciences University,Bloomington
1476,Northwestern Oklahoma State University,Alva ...
671,Northwestern State University of Louisiana,Natchitoches
40,Northwestern University,Evanston ...
739,Northwood University,Midland ...
521,Norwich University,Northfield
1409,Notre Dame College,Cleveland
1188,Notre Dame de Namur University,Belmont
1022,Notre Dame of Maryland University,Baltimore
177,Nova Southeastern University,Fort Lauderdale ...
1204,Nyack College,Nyack
1714,Oak Hills Christian College,Bemidji
1509,Oakland City University,Oakland City
238,Oakland University,Rochester Hills
1291,Oakwood University,Huntsville
266,Oberlin College,Oberlin
408,Occidental College,Los Angeles
888,Oglethorpe University,Atlanta
1453,Ohio Christian University,Circleville
1379,Ohio Dominican University,Columbus
631,Ohio Northern University,Ada
138,Ohio University,Athens ...
Un,Ohio University Southern,Ironton
Un,Ohio University-Chillicothe,Chillicothe
1591,Ohio Valley University,Vienna
629,Ohio Wesleyan University,Delaware ...
1097,Oklahoma Baptist University,Shawnee
883,Oklahoma Christian University,Edmond ...
784,Oklahoma City University,Oklahoma City
1548,Oklahoma Panhandle State University,Goodwell
125,Oklahoma State University,Stillwater ...
1320,Oklahoma Wesleyan University,Bartlesville
169,Old Dominion University,Norfolk
1326,Olivet College,Olivet
701,Olivet Nazarene University,Bourbonnais
849,Oral Roberts University,Tulsa
1547,Oregon College of Art and Craft,Portland
172,Oregon Health & Science University,Portland ...
675,Oregon Institute of Technology,Klamath Falls
52,Oregon State University,Corvallis ...
704,Otis College of Art and Design,Los Angeles
1056,Ottawa University,Ottawa ...
771,Otterbein University,Westerville
1108,Ouachita Baptist University,Arkadelphia
1313,Our Lady of the Lake University,San Antonio
1602,Ozark Christian College,Joplin
210,Pace University,New York City ...
484,Pacific Lutheran University,Tacoma
1093,Pacific Northwest College of Art,Portland
1621,Pacific Oaks College,Pasadena
1043,Pacific Union College,Angwin
448,Pacific University,Forest Grove
1373,Pacifica Graduate Institute,Carpinteria ...
1378,Paine College,Augusta
1111,Palm Beach Atlantic University,West Palm Beach ...
857,Palm Beach State College,Lake Worth
1631,Palo Alto University,Palo Alto
1625,Pardee RAND Graduate School,Santa Monica
756,Park University,Parkville ...
1524,Parker University,Dallas
1685,Patten University,Oakland
1620,Paul Quinn College,Dallas
1322,Paul Smith's College,Paul Smiths
1494,Peirce College,Philadelphia
434,Penn State College of Medicine,Hershey
8,Penn State University,University Park ...
836,Pennsylvania Academy of the Fine Arts,Philadelphia
1537,Pennsylvania College of Art and Design,Lancaster
1771,Pennsylvania College of Health Sciences,Lancaster
614,Pennsylvania College of Technology,Williamsport
1484,Pensacola State College,Pensacola
247,Pepperdine University,Malibu ...
1482,Peru State College,Peru
1181,Pfeiffer University,Misenheimer
1661,Philander Smith College,Little Rock
1704,Phillips Graduate University,Chatsworth ...
1272,Piedmont College,Demorest
1662,Piedmont International University,Winston Salem
1774,Pillar College,Newark ...
1242,Pine Manor College,Chestnut Hill
617,Pittsburg State University,Pittsburg
496,Pitzer College,Claremont
1762,Plaza College,New York City
418,Plymouth State University,Plymouth
884,Point Loma Nazarene University,San Diego ...
1029,Point Park University,Pittsburgh
1701,Point University,West Point
1174,Polk State College,Winter Haven
296,Pomona College,Claremont
1750,Pontifical Faculty of the Immaculate Conception,Washington
107,Portland State University,Portland
1239,Post University,Waterbury
717,Prairie View A&M University,Prairie View ...
358,Pratt Institute,Brooklyn
1133,Presbyterian College,Clinton
1170,Prescott College,Prescott
1564,Presentation College,Aberdeen
20,Princeton University,Princeton
1445,Principia College,Elsah
1802,Providence Christian College,Pasadena
676,Providence College,Providence
670,"Purchase College, State University of New York",Purchase
11,Purdue University,West Lafayette
965,Purdue University Northwest,Hammond
813,"Queens College, City University of New York",Flushing
999,Queens University of Charlotte,Charlotte
1127,Quincy University,Quincy
327,Quinnipiac University,Hamden
328,Radford University,Radford
546,Ramapo College of New Jersey,Mahwah
1424,Randolph College,Lynchburg
1180,Randolph-Macon College,Ashland
307,Rasmussen College,St. Cloud ...
321,Reed College,Portland
446,Regent University,Virginia Beach
1063,Regis College,Weston
469,Regis University,Denver
1382,Reinhardt University,Waleska
1627,Relay Graduate School of Education,New York City
110,Rensselaer Polytechnic Institute,Troy ...
1786,Research College of Nursing,Kansas City
1772,Resurrection University,Chicago
522,Rhode Island College,Providence
336,Rhode Island School of Design,Providence
649,Rhodes College,Memphis
74,Rice University,Houston
1792,Richmont Graduate University,Chattanooga
464,Rider University,Lawrenceville ...
758,Ringling College of Art and Design,Sarasota
1149,Ripon College,Ripon
1179,Rivier University,Nashua
793,Roanoke College,Salem
947,Robert Morris University,Moon Township ...
1333,Robert Morris University Illinois,Chicago
1220,Roberts Wesleyan College,Rochester
1571,Rochester College,Rochester Hills
85,Rochester Institute of Technology,Rochester
1312,Rockford University,Rockford ...
1100,Rockhurst University,Kansas City
1187,Rocky Mountain College,Billings
1233,Rocky Mountain College of Art and Design,Denver
1747,Rocky Mountain University of Health Professions,Provo
1740,Rocky Vista University,Parker
564,Roger Williams University,Bristol
968,Rogers State University,Claremore
530,Rollins College,Winter Park
596,Roosevelt University,Chicago ...
894,Rosalind Franklin University of Medicine and Science,North Chicago
386,Rose-Hulman Institute of Technology,Terre Haute
1579,Roseman University of Health Sciences,Henderson
1437,Rosemont College,Rosemont
229,Rowan University,Glassboro
724,Rush University,Chicago
1597,Rust College,Holly Springs
31,"Rutgers, The State University of New Jersey",New Brunswick ...
536,Sacred Heart University,Fairfield
666,Saginaw Valley State University,University Center
839,Saint Ambrose University,Davenport
591,Saint Anselm College,Manchester
1743,Saint Anthony College of Nursing,Rockford
1770,Saint Augustine College,Chicago
1775,Saint Francis Medical Center College of Nursing,Peoria
1184,Saint Francis University,Loretto
1546,Saint Johns River State College,Palatka
1295,Saint Joseph's College,Rensselaer
1138,Saint Joseph's College of Maine,Standish ...
447,Saint Joseph's University,Philadelphia
628,Saint Leo University,Saint Leo ...
170,Saint Louis University,St. Louis ...
1767,Saint Luke's College of Health Sciences,Kansas City
885,Saint Martin's University,Lacey
1216,Saint Mary-of-the-Woods College,Saint Mary of the Woods
906,Saint Mary's College,Notre Dame ...
568,Saint Mary's College of California,Moraga
738,Saint Mary's University of Minnesota,Winona ...
563,Saint Michael's College,Colchester ...
1158,Saint Peter's University,Jersey City
1082,Saint Vincent College,Latrobe
1084,Saint Xavier University,Chicago
1325,Salem College,Winston Salem
1745,Salem International University,Salem
594,Salem State University,Salem
459,Salisbury University,Salisbury
1578,Salus University,Elkins Park ...
841,Salve Regina University,Newport
293,Sam Houston State University,Huntsville
513,Samford University,Birmingham
1042,Samuel Merritt University,Oakland
1640,San Diego Christian College,Santee
89,San Diego State University,San Diego ...
869,San Francisco Art Institute,San Francisco
1118,San Francisco Conservatory of Music,San Francisco
113,San Francisco State University,San Francisco
1782,San Joaquin College of Law,Clovis
103,San José State University,San José
149,Santa Clara University,Santa Clara
695,Santa Fe College,Gainesville
1496,Santa Fe University of Art and Design,Santa Fe
583,Sarah Lawrence College,Bronxville
257,Savannah College of Art and Design,Savannah
1258,Savannah State University,Savannah
1281,Saybrook University,San Francisco
1493,Schiller International University,Largo ...
414,School of the Art Institute of Chicago,Chicago
367,School of Visual Arts,New York City
1401,Schreiner University,Kerrville
833,Scripps College,Claremont
768,Seattle Central College,Seattle
456,Seattle Pacific University,Seattle
323,Seattle University,Seattle
900,Seminole State College of Florida,Sanford
272,Seton Hall University,South Orange
653,Seton Hill University,Greensburg
667,Sewanee: The University of the South,Sewanee
1521,Shaw University,Raleigh
1115,Shawnee State University,Portsmouth
851,Shenandoah University,Winchester
1030,Shepherd University,Shepherdstown
1718,Shimer College,Chicago
394,Shippensburg University of Pennsylvania,Shippensburg
1248,Shorter University,Rome ...
696,Siena College,Loudonville
1471,Siena Heights University,Adrian
1346,Sierra Nevada College,Incline Village
1568,Silver Lake College of the Holy Family,Manitowoc
376,Simmons College,Boston
886,Simpson College,Indianola
1608,Simpson University,Redding
706,SIT Graduate Institute,Brattleboro
462,Skidmore College,Saratoga Springs
668,Slippery Rock University of Pennsylvania,Slippery Rock
226,Smith College,Northampton
1391,Snow College,Ephraim
1732,Sofia University,Palo Alto
1275,Soka University of America,Aliso Viejo
256,Sonoma State University,Rohnert Park
1052,South Carolina State University,Orangeburg
1558,South College,Knoxville
693,South Dakota School of Mines and Technology,Rapid City
467,South Dakota State University,Brookings
1746,South Georgia State College,Douglas
1217,South Texas College,McAllen
1101,South Texas College of Law,Houston
729,South University,Savannah
505,Southeast Missouri State University,Cape Girardeau
1806,Southeastern Baptist College,Laurel
582,Southeastern Louisiana University,Hammond
1264,Southeastern Oklahoma State University,Durant
1007,Southeastern University,Lakeland
943,Southern Adventist University,Collegedale
971,Southern Arkansas University,Magnolia
1001,Southern California Institute of Architecture,Los Angeles
1626,Southern College of Optometry,Memphis
589,Southern Connecticut State University,New Haven
200,Southern Illinois University Carbondale,Carbondale ...
287,Southern Illinois University Edwardsville,Edwardsville ...
151,Southern Methodist University,Dallas
936,Southern Nazarene University,Bethany
176,Southern New Hampshire University,Manchester
625,Southern Oregon University,Ashland ...
761,Southern University and A&M College,Baton Rouge
1189,Southern University at New Orleans,New Orleans
1582,Southern University Law Center,Baton Rouge
580,Southern Utah University,Cedar City
1467,Southern Vermont College,Bennington
1561,Southern Virginia University,Buena Vista
1485,Southern Wesleyan University,Central
1429,Southwest Baptist University,Bolivar
964,Southwest Minnesota State University,Marshall
1800,Southwest University of Visual Arts,Tucson ...
1172,Southwestern Adventist University,Keene
1364,Southwestern Assemblies of God University,Waxahachie
1765,Southwestern Christian University,Bethany ...
1027,Southwestern College,Winfield
1758,"Southwestern College, Santa Fe",Santa Fe
1199,Southwestern Law School,Los Angeles
1162,Southwestern Oklahoma State University,Weatherford ...
648,Southwestern University,Georgetown
1387,Spalding University,Louisville
665,Spelman College,Atlanta
1011,Spring Arbor University,Spring Arbor
983,Spring Hill College,Mobile
979,Springfield College,Springfield
1672,St Andrews University,Laurinburg
895,St John's College,Annapolis ...
554,St Petersburg College,Clearwater
896,St Thomas University,Miami Gardens
1478,St. Augustine's University,Raleigh
749,St. Bonaventure University,St. Bonaventure
632,St. Catherine University,St. Paul
334,St. Cloud State University,St. Cloud
534,St. Edward's University,Austin
1348,St. Francis College,Brooklyn Heights
1700,St. Gregory's University,Shawnee
735,St. John Fisher College,Rochester
294,St. John's University,Queens ...
1319,St. Joseph's College,Brooklyn ...
609,St. Lawrence University,Canton
1787,St. Louis Christian College,Florissant
1330,St. Louis College of Pharmacy,St. Louis
723,St. Mary's College of Maryland,St. Mary's City
755,St. Mary's University,San Antonio
762,St. Norbert College,De Pere
320,St. Olaf College,Northfield
1408,St. Thomas Aquinas College,Sparkill
1713,St. Vincent's College,Bridgeport
2,Stanford University,Stanford ...
1265,State College of Florida-Manatee-Sarasota,Bradenton
638,State University of New York at Fredonia,Fredonia
457,State University of New York at New Paltz,New Paltz
347,State University of New York at Oswego,Oswego
603,State University of New York College at Plattsburgh,Plattsburgh ...
401,Stephen F. Austin State University,Nacogdoches
1245,Stephens College,Columbia
1201,Sterling College,Sterling
1573,"Sterling College, Vermont",Craftsbury Common
410,Stetson University,DeLand
289,Stevens Institute of Technology,Hoboken
940,Stevenson University,Stevenson
1719,Stillman College,Tuscaloosa
492,Stockton University,Galloway
812,Stonehill College,Easton
112,Stony Brook University,Stony Brook
466,Strayer University,Washington ...
397,Suffolk University,Boston ...
1338,Sul Ross State University,Alpine
1135,Sullivan University,Louisville ...
1229,SUNY Canton,Canton
1376,SUNY Cobleskill,Cobleskill
1347,SUNY College at Old Westbury,Old Westbury
486,SUNY College at Oneonta,Oneonta
480,SUNY College of Environmental Science and Forestry,Syracuse
1398,SUNY College of Optometry,New York City
477,SUNY Cortland,Cortland
1253,SUNY Delhi,Delhi
642,SUNY Downstate Medical Center,Brooklyn
560,SUNY Empire State College,Saratoga Springs
453,SUNY Geneseo,Geneseo
1091,SUNY Maritime College,Throggs Neck
715,SUNY Polytechnic Institute,Utica
501,SUNY Upstate Medical University,Syracuse
740,Susquehanna University,Selinsgrove
165,Swarthmore College,Swarthmore
565,Sweet Briar College,Sweet Briar
118,Syracuse University,Syracuse
1252,Tabor College,Hillsboro
1624,Talladega College,Talladega
585,Tarleton State University,Stephenville ...
811,Taylor University,Upland ...
83,Temple University,Philadelphia ...
569,Tennessee State University,Nashville
419,Tennessee Technological University,Cookeville
1706,Tennessee Wesleyan University,Athens ...
854,Texas A&M International University,Laredo
38,Texas A&M University,College Station
950,Texas A&M University at Galveston,Galveston
690,Texas A&M University-Commerce,Commerce
472,Texas A&M University-Corpus Christi,Corpus Christi
682,Texas A&M University-Kingsville,Kingsville
1277,Texas A&M University-Texarkana,Texarkana
326,Texas Christian University,Fort Worth
1630,Texas College,Tyler
1414,Texas Lutheran University,Seguin
794,Texas Southern University,Houston
191,Texas State University,San Marcos ...
124,Texas Tech University,Lubbock
510,Texas Tech University Health Sciences Center,Lubbock ...
1236,Texas Wesleyan University,Fort Worth
475,Texas Woman's University,Denton ...
935,The American College of Financial Services,Bryn Mawr
Un,The Art Institute of Pittsburgh,Pittsburgh ...
1667,The Baptist College of Florida,Graceville ...
306,The Catholic University of America,Washington
1195,The Chicago School of Professional Psychology,Los Angeles ...
627,"The Citadel, The Military College of South Carolina",Charleston
526,The City College of New York,New York City
829,The College at Brockport,Brockport
1419,The College of Idaho,Caldwell
352,The College of New Jersey,Ewing
1212,The College of New Rochelle,New Rochelle
820,The College of Saint Rose,Albany
698,The College of St. Scholastica,Duluth ...
1728,The College of Westchester,White Plains
545,The College of Wooster,Wooster
481,The Cooper Union for the Advancement of Science and Art,New York City
427,The Culinary Institute of America,Hyde Park
338,The Evergreen State College,Olympia
518,"The Graduate Center, CUNY",New York City
1535,The Institute of World Politics,Washington
847,The John Marshall Law School,Chicago
618,The Juilliard School,New York City
1638,The King's College,New York City
1769,The King's University,Southlake
1169,The Master's University,Santa Clarita
1790,The National Graduate School of Quality Management,Falmouth ...
153,The New School,New York City
42,The Ohio State University,Columbus ...
316,The Rockefeller University,New York City
890,The Sage Colleges,Troy ...
1604,The School of Architecture at Taliesin,Scottsdale
599,The State University of New York at Potsdam,Potsdam
114,The University of Alabama,Tuscaloosa ...
310,The University of Alabama in Huntsville,Huntsville ...
36,The University of Arizona,Tucson
684,The University of Findlay,Findlay
222,The University of Maine,Orono
213,The University of Memphis,Memphis ...
232,The University of Montana,Missoula
1607,The University of Montana Western,Dillon
94,The University of Oklahoma,Norman ...
605,The University of Oklahoma Health Sciences Center,Oklahoma City
604,The University of Tampa,Tampa
438,The University of Tennessee at Chattanooga,Chattanooga
117,The University of Tennessee at Martin,Martin ...
731,The University of Tennessee Health Science Center,Memphis
90,"The University of Tennessee, Knoxville",Knoxville ...
132,The University of Texas at Arlington,Arlington
14,The University of Texas at Austin,Austin
95,The University of Texas at Dallas,Richardson
235,The University of Texas at El Paso,El Paso
196,The University of Texas at San Antonio,San Antonio
759,The University of Texas at Tyler,Tyler
479,The University of Texas Health Science Center at Houston,Houston
303,The University of Texas Health Science Center at San Antonio,San Antonio
1522,The University of Texas Health Science Center at Tyler,Tyler
195,The University of Texas MD Anderson Cancer Center,Houston
329,The University of Texas Medical Branch at Galveston,Galveston
1077,The University of Texas of the Permian Basin,Odessa
765,The University of the Arts,Philadelphia
389,The University of Tulsa,Tulsa
45,The University of Utah,Salt Lake City
1407,The University of Virginia's College at Wise,Wise
1777,The University of West Los Angeles,Inglewood
1749,The Wright Institute,Berkeley
1464,Thiel College,Greenville
1249,Thomas Aquinas College,Santa Paula
1226,Thomas College,Waterville
1380,Thomas Edison State University,Trenton
1329,Thomas Jefferson School of Law,San Diego
284,Thomas Jefferson University,Philadelphia
1280,Thomas More College,Crestview Hills
1555,Thomas More College of Liberal Arts,Merrimack
1655,Thomas University,Thomasville
1357,Tiffin University,Tiffin ...
1468,Toccoa Falls College,Toccoa Falls ...
1167,Tougaloo College,Tougaloo ...
587,Touro College,New York City ...
1599,Touro University California,Vallejo
202,Towson University,Towson
1067,Transylvania University,Lexington
1225,Trevecca Nazarene University,Nashville
1207,Trine University,Angola
1712,Trinity Bible College,Ellendale
1337,Trinity Christian College,Palos Heights
357,Trinity College,Hartford
1720,Trinity College of Florida,Trinity
1789,Trinity College of Nursing & Health Sciences,Rock Island
975,Trinity International University,Deerfield ...
374,Trinity University,San Antonio
1124,Trinity Washington University,Washington
1797,Tri-State Bible College,South Point ...
1633,Trocaire College,Buffalo
512,Troy University,Troy ...
1628,Truett-McConnell University,Cleveland
468,Truman State University,Kirksville
48,Tufts University,Medford
127,Tulane University,New Orleans
1222,Tusculum College,Greeneville
802,Tuskegee University,Tuskegee
443,Uniformed Services University of the Health Sciences,Bethesda
422,Union College,Schenectady
1529,"Union College, Kentucky",Barbourville
1507,"Union College, Nebraska",Lincoln
1463,Union Institute & University,Cincinnati
954,Union University,Jackson
280,United States Air Force Academy,Colorado Springs
780,United States Coast Guard Academy,New London
686,United States Merchant Marine Academy,Kings Point ...
251,United States Military Academy,West Point
277,United States Naval Academy,Annapolis
1318,United States Sports Academy,Daphne
1779,United States University,San Diego
1196,Unity College,Unity
130,"University at Albany, State University of New York",Albany
72,"University at Buffalo, State University of New York",Buffalo ...
1321,University of Advancing Technology,Tempe
214,University of Akron,Akron ...
144,University of Alabama at Birmingham,Birmingham
506,University of Alaska Anchorage,Anchorage
203,University of Alaska Fairbanks,Fairbanks ...
995,University of Alaska Southeast,Juneau ...
136,University of Arkansas,Fayetteville
1269,University of Arkansas - Fort Smith,Fort Smith
366,University of Arkansas at Little Rock,Little Rock
1208,University of Arkansas at Monticello,Monticello
1327,University of Arkansas at Pine Bluff,Pine Bluff
542,University of Arkansas for Medical Sciences,Little Rock
379,University of Baltimore,Baltimore
515,University of Bridgeport,Bridgeport ...
4,"University of California, Berkeley",Berkeley ...
29,"University of California, Davis",Davis ...
652,"University of California, Hastings College of the Law",San Francisco
21,"University of California, Irvine",Irvine ...
10,"University of California, Los Angeles",Los Angeles ...
311,"University of California, Merced",Merced ...
84,"University of California, Riverside",Riverside ...
23,"University of California, San Diego",San Diego ...
81,"University of California, San Francisco",San Francisco ...
44,"University of California, Santa Barbara",Santa Barbara ...
58,"University of California, Santa Cruz",Santa Cruz ...
452,University of Central Arkansas,Conway
78,University of Central Florida,Orlando ...
634,University of Central Missouri,Warrensburg
517,University of Central Oklahoma,Edmond
1360,University of Charleston,Charleston
26,University of Chicago,Chicago
91,University of Cincinnati,Cincinnati
30,University of Colorado Boulder,Boulder
278,University of Colorado Colorado Springs,Colorado Springs
174,University of Colorado Denver,Denver
80,University of Connecticut,Storrs ...
832,University of Dallas,Irving
209,University of Dayton,Dayton
59,University of Delaware,Newark
147,University of Denver,Denver
575,University of Detroit Mercy,Detroit
1107,University of Dubuque,Dubuque
454,University of Evansville,Evansville
28,University of Florida,Gainesville
60,University of Georgia,Athens
395,University of Hartford,West Hartford
709,University of Hawaii at Hilo,Hilo
383,University of Hawaii at Manoa,Honolulu
1470,University of Hawaii-West Oahu,Kapolei
1698,University of Holy Cross,New Orleans
65,University of Houston,Houston
751,University of Houston-Clear Lake,Houston ...
862,University of Houston-Downtown,Houston
1228,University of Houston-Victoria,Victoria
146,University of Idaho,Moscow
82,University of Illinois at Chicago,Chicago ...
390,University of Illinois at Springfield,Springfield ...
15,University of Illinois at Urbana-Champaign,Champaign ...
772,University of Indianapolis,Indianapolis
56,University of Iowa,Iowa City ...
1080,University of Jamestown,Jamestown
77,University of Kansas,Lawrence ...
86,University of Kentucky,Lexington
677,University of La Verne,La Verne ...
362,University of Louisiana at Lafayette,Lafayette
635,University of Louisiana at Monroe,Monroe
199,University of Louisville,Louisville ...
946,University of Maine at Augusta,Augusta
1054,University of Maine at Farmington,Farmington
1440,University of Maine at Fort Kent,Fort Kent
1083,University of Maine at Machias,Machias
1560,University of Maine at Presque Isle,Presque Isle ...
1152,University of Mary,Bismarck
1023,University of Mary Hardin-Baylor,Belton
539,University of Mary Washington,Fredericksburg
24,University of Maryland,College Park
712,University of Maryland Eastern Shore,Princess Anne
171,University of Maryland University College,Adelphi
239,"University of Maryland, Baltimore",Baltimore
133,"University of Maryland, Baltimore County",Baltimore
53,University of Massachusetts Amherst,Amherst
215,University of Massachusetts Boston,Boston
291,University of Massachusetts Dartmouth,North Dartmouth
189,University of Massachusetts Lowell,Lowell
275,University of Massachusetts Medical School,Worcester
96,University of Miami,Coral Gables ...
5,University of Michigan,Ann Arbor ...
370,University of Michigan-Dearborn,Dearborn
600,University of Michigan-Flint,Flint ...
12,University of Minnesota,Minneapolis ...
186,University of Mississippi,University
573,University of Mississippi Medical Center,Jackson
87,University of Missouri,Columbia
167,University of Missouri-Kansas City,Kansas City
243,University of Missouri-St. Louis,St. Louis
1381,University of Mobile,Mobile
1073,University of Montevallo,Montevallo
1593,University of Mount Olive,Mount Olive ...
1088,University of Mount Union,Alliance
622,University of Nebraska at Kearney,Kearney
258,University of Nebraska at Omaha,Omaha
372,University of Nebraska Medical Center,Omaha
57,University of Nebraska-Lincoln,Lincoln
163,"University of Nevada, Las Vegas",Las Vegas
157,"University of Nevada, Reno",Reno
489,University of New England,Biddeford ...
116,University of New Hampshire,Durham ...
537,University of New Haven,West Haven ...
93,University of New Mexico,Albuquerque
382,University of New Orleans,New Orleans
725,University of North Alabama,Florence
525,University of North Carolina at Asheville,Asheville
35,University of North Carolina at Chapel Hill,Chapel Hill
168,University of North Carolina at Charlotte,Charlotte
227,University of North Carolina at Greensboro,Greensboro
689,University of North Carolina at Pembroke,Pembroke
1117,University of North Carolina School of the Arts,Winston Salem
274,University of North Carolina Wilmington,Wilmington
185,University of North Dakota,Grand Forks
252,University of North Florida,Jacksonville
655,University of North Georgia,Dahlonega
97,University of North Texas,Denton ...
1283,University of North Texas Health Science Center,Fort Worth
417,University of Northern Colorado,Greeley
205,University of Northern Iowa,Cedar Falls
1013,University of Northwestern - St. Paul,St. Paul ...
1386,University of Northwestern Ohio,Lima
66,University of Notre Dame,Notre Dame
68,University of Oregon,Eugene ...
17,University of Pennsylvania,Philadelphia
1614,University of Pikeville,Pikeville
46,University of Pittsburgh,Pittsburgh ...
558,University of Portland,Portland
1261,University of Providence,Great Falls
499,University of Puget Sound,Tacoma
674,University of Redlands,Redlands
141,University of Rhode Island,Kingston ...
240,University of Richmond,Richmond
1570,University of Rio Grande,Rio Grande
76,University of Rochester,Rochester
1594,University of Saint Francis,Fort Wayne
1359,University of Saint Joseph,West Hartford
1457,University of Saint Mary,Leavenworth ...
221,University of San Diego,San Diego
192,University of San Francisco,San Francisco
1530,University of Science and Arts of Oklahoma,Chickasha
571,University of Scranton,Scranton
1224,University of Sioux Falls,Sioux Falls
445,University of South Alabama,Mobile
88,University of South Carolina,Columbia ...
1104,University of South Carolina-Aiken,Aiken
1513,University of South Carolina-Beaufort,Bluffton
1028,University of South Carolina-Upstate,Spartanburg
322,University of South Dakota,Vermillion
71,University of South Florida,Tampa ...
18,University of Southern California,Los Angeles
616,University of Southern Indiana,Evansville
483,University of Southern Maine,Portland ...
264,University of Southern Mississippi,Hattiesburg
1247,University of St Augustine for Health Sciences,San Marcos
1089,University of St Thomas,Houston
877,University of St. Francis,Joliet
265,University of St. Thomas,St. Paul ...
295,University of Texas Rio Grande Valley,Brownsville ...
312,University of Texas Southwestern Medical Center,Dallas
1035,University of the Cumberlands,Williamsburg
728,University of the District of Columbia,Washington
804,University of the Incarnate Word,San Antonio
923,University of the Ozarks,Clarksville
396,University of the Pacific,Stockton ...
1656,University of the Potomac,Washington ...
1731,University of the Rockies,Colorado Springs
1066,University of the Sciences in Philadelphia,Philadelphia
1663,University of the Southwest,Hobbs
1603,University of the West,Rosemead
245,University of Toledo,Toledo
1702,University of Valley Forge,Phoenixville
100,University of Vermont,Burlington
37,University of Virginia,Charlottesville ...
7,University of Washington,Seattle ...
1005,University of West Alabama,Livingston
330,University of West Florida,Pensacola ...
426,University of West Georgia,Carrollton
1550,University of Western States,Portland
283,University of Wisconsin-Eau Claire,Eau Claire
313,University of Wisconsin-Green Bay,Green Bay
335,University of Wisconsin-La Crosse,La Crosse
9,University of Wisconsin-Madison,Madison
131,University of Wisconsin-Milwaukee,Milwaukee
399,University of Wisconsin-Oshkosh,Oshkosh
650,University of Wisconsin-Parkside,Kenosha
482,University of Wisconsin-Platteville,Platteville
511,University of Wisconsin-River Falls,River Falls
282,University of Wisconsin-Stevens Point,Stevens Point
353,University of Wisconsin-Stout,Menomonie
760,University of Wisconsin-Superior,Superior
319,University of Wisconsin-Whitewater,Whitewater
182,University of Wyoming,Laramie
937,Upper Iowa University,Fayette ...
1505,Urbana University,Urbana ...
826,Ursinus College,Collegeville
1344,Ursuline College,Pepper Pike
129,Utah State University,Logan ...
325,Utah Valley University,Orem ...
787,Utica College,Utica
471,Valdosta State University,Valdosta
409,Valencia College,Orlando
1284,Valley City State University,Valley City
433,Valparaiso University,Valparaíso
54,Vanderbilt University,Nashville
1696,VanderCook College of Music,Chicago
931,Vanguard University of Southern California,Costa Mesa ...
285,Vassar College,Poughkeepsie
1542,Vaughn College of Aeronautics and Technology,Flushing
1647,Vermont College of Fine Arts,Montpelier
863,Vermont Law School,South Royalton
1411,Vermont Technical College,Randolph Center
1623,Villa Maria College,Buffalo
218,Villanova University,Villanova
1113,Vincennes University,Vincennes
92,Virginia Commonwealth University,Richmond
680,Virginia Military Institute,Lexington
43,Virginia Polytechnic Institute and State University,Blacksburg
907,Virginia State University,Petersburg
1402,Virginia Union University,Richmond
990,Virginia Wesleyan University,Norfolk
951,Viterbo University,La Crosse
1487,Voorhees College,Denmark
630,Wabash College,Crawfordsville
1795,Wade College,Dallas
1103,Wagner College,Staten Island
190,Wake Forest University,Winston Salem
1474,Waldorf University,Forest City
973,Walla Walla University,College Place
1244,Walsh College,Troy
850,Walsh University,North Canton
1384,Warner Pacific College,Portland
1612,Warner University,Lake Wales
974,Warren Wilson College,Swannanoa
928,Wartburg College,Waverly
691,Washburn University,Topeka
1155,Washington & Jefferson College,Washington
1586,Washington Adventist University,Takoma Park
317,Washington and Lee University,Lexington
736,Washington College,Chestertown
73,Washington State University,Pullman
49,Washington University in St. Louis,St. Louis
1689,"Watkins College of Art, Design & Film",Nashville
1243,Wayland Baptist University,Plainview ...
1039,Wayne State College,Wayne
121,Wayne State University,Detroit
1479,Waynesburg University,Waynesburg
1715,Webb Institute,Glen Cove
1563,Webber International University,Babson Park
342,Weber State University,Ogden ...
344,Webster University,St. Louis
1710,Welch College,Nashville
270,Wellesley College,Wellesley
1232,Wells College,Aurora
641,Wentworth Institute of Technology,Boston
1094,Wesley College,Dover
1358,Wesleyan College,Macon ...
207,Wesleyan University,Middletown
355,West Chester University of Pennsylvania,West Chester
1415,West Coast University-Los Angeles,North Hollywood
1465,West Liberty University,West Liberty
500,West Texas A&M University,Canyon ...
1651,West Virginia School of Osteopathic Medicine,Lewisburg
1286,West Virginia State University,Institute
122,West Virginia University,Morgantown ...
1590,West Virginia University at Parkersburg,Parkersburg
1557,West Virginia University Institute of Technology,Montgomery
1350,West Virginia Wesleyan College,Buckhannon
451,Western Carolina University,Cullowhee ...
823,Western Connecticut State University,Danbury
363,Western Illinois University,Macomb ...
261,Western Kentucky University,Bowling Green
143,Western Michigan University,Kalamazoo
1134,Western Nevada College,Carson City
976,Western New England University,Springfield ...
1021,Western New Mexico University,Silver City
598,Western Oregon University,Monmouth
1664,Western State College of Law at Argosy University,Irvine
897,Western State Colorado University,Gunnison
651,Western University of Health Sciences,Pomona
175,Western Washington University,Bellingham
938,Westfield State University,Westfield
750,Westminster College,Salt Lake City
1296,"Westminster College, Missouri",Fulton
985,"Westminster College, Pennsylvania",New Wilmington
646,Westmont College,Santa Barbara
371,Wheaton College,Wheaton
874,"Wheaton College, Massachusetts",Norton
910,Wheeling Jesuit University,Wheeling
800,Wheelock College,Boston
398,Whitman College,Walla Walla
827,Whittier College,Whittier
989,Whitworth University,Spokane
267,Wichita State University,Wichita
478,Widener University,Chester ...
1637,Wilberforce University,Wilberforce
1682,Wiley College,Marshall
730,Wilkes University,Wilkes-Barre
440,Willamette University,Salem
1185,William Carey University,Hattiesburg ...
1500,William James College,Newton
1451,William Jessup University,Rocklin ...
1434,William Jewell College,Liberty
531,William Paterson University of New Jersey,Wayne
1279,William Peace University,Raleigh
1452,William Penn University,Oskaloosa
1455,William Woods University,Fulton
1565,Williams Baptist College,Walnut Ridge
223,Williams College,Williamstown
1299,Wilmington College,Wilmington
834,Wilmington University,New Castle
1250,Wilson College,Chambersburg
1140,Wingate University,Wingate
697,Winona State University,Winona
860,Winston-Salem State University,Winston Salem
608,Winthrop University,Rock Hill
1166,Wisconsin Lutheran College,Milwaukee
1799,Wisconsin School of Professional Psychology,Milwaukee
903,Wittenberg University,Springfield
835,Wofford College,Spartanburg
1801,WON Institute of Graduate Studies,Glenside
1106,Woodbury University,Burbank ...
179,Worcester Polytechnic Institute,Worcester
984,Worcester State University,Worcester
224,Wright State University,Dayton ...
493,Xavier University,Cincinnati
692,Xavier University of Louisiana,New Orleans
22,Yale University,New Haven
255,Yeshiva University,New York City
1541,York College,York
852,York College of Pennsylvania,York
1016,"York College, City University of New York",Jamaica
1518,Young Harris College,Young Harris
520,Youngstown State University,Youngstown
